"SPCD","COMMON_NAME","GENUS","SPECIES","VARIETY","SUBSPECIES","SCIENTIFIC_NAME","SPECIES_SYMBOL","STOCKING_SPGRPCD","FOREST_TYPE_SPGRPCD","JENKINS_SPGRPCD","JENKINS_SAPLING_ADJUSTMENT","SITETREE","SFTWD_HRDWD","WOODLAND","WOOD_SPGR_GREENVOL_DRYWT","WOOD_SPGR_GREENVOL_DRYWT_CIT","BARK_SPGR_GREENVOL_DRYWT","BARK_SPGR_GREENVOL_DRYWT_CIT","CARBON_RATIO_LIVE","DRYWT_TO_GREENWT_CONVERSION","CREATED_DATE","MODIFIED_DATE"
10,"FIR SPP.","ABIES","spp.","","","ABIES SP.","ABIES",1,220,3,0.60817,"","S","N",0.36,23,0.49,23,0.48,1.8102375898,"2021-09-03 22:38:52",""
11,"PACIFIC SILVER FIR","ABIES","amabilis","","","ABIES AMABILIS","ABAM",18,1,3,0.60193,"X","S","N",0.4,1,0.44,7,0.493,1.6918717492,"2021-09-03 22:38:53",""
12,"BALSAM FIR","ABIES","balsamea","","","ABIES BALSAMEA","ABBA",1,55,3,0.60817,"X","S","N",0.33,1,0.4,4,0.506,2.1623174206,"2021-09-03 22:38:53",""
14,"SANTA LUCIA OR BRISTLECONE FIR","ABIES","bracteata","","","ABIES BRACTEATA","ABBR",18,2,3,0.60193,"","S","N",0.36,24,0.49,24,0.48,1.8102375898,"2021-09-03 22:38:53",""
15,"WHITE FIR","ABIES","concolor","","","ABIES CONCOLOR","ABCO",15,2,3,0.60193,"X","S","N",0.37,1,0.56,3,0.51,1.9735132868,"2021-09-03 22:38:53",""
16,"FRASER FIR","ABIES","fraseri","","","ABIES FRASERI","ABFR",1,56,3,0.63086,"","S","N",0.36,24,0.49,24,0.48,1.8102375898,"2021-09-03 22:38:53",""
17,"GRAND FIR","ABIES","grandis","","","ABIES GRANDIS","ABGR",18,3,3,0.60193,"X","S","N",0.35,1,0.57,3,0.481,1.9902963507,"2021-09-03 22:38:53",""
18,"CORKBARK FIR","ABIES","lasiocarpa","arizonica","","ABIES LASIOCARPA VAR. ARIZONICA","ABLAA",1,4,3,0.60193,"X","S","N",0.36,24,0.49,24,0.48,1.8102375898,"2021-09-03 22:38:55",""
19,"SUBALPINE FIR","ABIES","lasiocarpa","","","ABIES LASIOCARPA","ABLA",1,4,3,0.60193,"X","S","N",0.31,1,0.5,3,0.482,1.4751879505,"2021-09-03 22:38:53",""
20,"CALIFORNIA RED FIR","ABIES","magnifica","","","ABIES MAGNIFICA","ABMA",18,5,3,0.60193,"X","S","N",0.36,1,0.44,3,0.515,2.0276560975,"2021-09-03 22:38:53",""
21,"SHASTA RED FIR","ABIES","shastensis","","","ABIES SHASTENSIS","ABSH",18,5,3,0.60193,"X","S","N",0.36,24,0.49,24,0.48,1.8102375898,"2021-09-03 22:38:53",""
22,"NOBLE FIR","ABIES","procera","","","ABIES PROCERA","ABPR",18,7,3,0.60193,"X","S","N",0.37,1,0.49,3,0.508,1.3414840013,"2021-09-03 22:38:53",""
40,"WHITE-CEDAR SPP.","CHAMAECYPARIS","spp.","","","CHAMAECYPARIS SP.","CHAMA4",20,220,1,0.63086,"","S","N",0.37,23,0.4,23,0.48,1.7896219254,"2021-09-03 22:38:52",""
41,"PORT-ORFORD-CEDAR","CHAMAECYPARIS","lawsoniana","","","CHAMAECYPARIS LAWSONIANA","CHLA",18,8,1,0.45789,"","S","N",0.39,1,0.4,7,0.479,1.729659945,"2021-09-03 22:38:53",""
42,"ALASKA YELLOW-CEDAR","CHAMAECYPARIS","nootkatensis","","","CHAMAECYPARIS NOOTKATENSIS","CHNO",18,9,1,0.45789,"X","S","N",0.42,1,0.4,18,0.478,1.7575695069,"2021-09-03 22:38:53",""
43,"ATLANTIC WHITE-CEDAR","CHAMAECYPARIS","thyoides","","","CHAMAECYPARIS THYOIDES","CHTH2",16,59,1,0.63086,"X","S","N",0.31,1,0.4,6,0.475,1.879491546,"2021-09-03 22:38:53",""
50,"CYPRESS","CUPRESSUS","spp.","","","CUPRESSUS SP.","CUPRE",10,12,1,0.45789,"","S","N",0.41,26,0.42,26,0.479,1.7380545286,"2021-09-03 22:38:52",""
51,"ARIZONA CYPRESS","CUPRESSUS","arizonica","","","CUPRESSUS ARIZONICA","CUAR",10,12,1,0.45789,"","S","N",0.41,26,0.42,26,0.479,1.7380545286,"2021-09-03 22:38:53",""
52,"BAKER OR MODOC CYPRESS","CUPRESSUS","bakeri","","","CUPRESSUS BAKERI","CUBA",10,12,1,0.45789,"","S","N",0.41,26,0.42,26,0.479,1.7380545286,"2021-09-03 22:38:53",""
53,"TECATE CYPRESS","CUPRESSUS","forbesii","","","CUPRESSUS FORBESII","CUFO2",10,12,1,0.45789,"","S","N",0.41,26,0.42,26,0.479,1.7380545286,"2021-09-03 22:38:53",""
54,"MONTEREY CYPRESS","CUPRESSUS","macrocarpa","","","CUPRESSUS MACROCARPA","CUMA2",10,12,1,0.45789,"","S","N",0.41,26,0.42,26,0.479,1.7380545286,"2021-09-03 22:38:53",""
55,"SARGENT'S CYPRESS","CUPRESSUS","sargentii","","","CUPRESSUS SARGENTII","CUSA3",10,12,1,0.45789,"","S","N",0.41,26,0.42,26,0.479,1.7380545286,"2021-09-03 22:38:53",""
56,"MACNAB'S CYPRESS","CUPRESSUS","macnabiana","","","CUPRESSUS MACNABIANA","CUMA",10,12,1,0.63086,"","S","N",0.41,26,0.42,26,0.479,1.7380545286,"2021-09-03 22:38:53",""
57,"REDCEDAR/JUNIPER SPP.","JUNIPERUS","spp.","","","JUNIPERUS SP.","JUNIP",20,220,1,0.63086,"","S","N",0.45,23,0.4,23,0.477,1.3853915663,"2021-09-03 22:38:52",""
58,"PINCHOT JUNIPER","JUNIPERUS","pinchotii","","","JUNIPERUS PINCHOTII","JUPI",38,161,10,0.35166,"","S","Y",0.45,24,0.4,24,0.477,1.3853915663,"2021-09-03 22:38:53",""
59,"REDBERRY JUNIPER","JUNIPERUS","coahuilensis","","","JUNIPERUS COAHUILENSIS","JUCO11",38,161,10,0.35166,"","S","Y",0.45,24,0.4,24,0.477,1.3853915663,"2021-09-03 22:38:53",""
60,"DROOPING JUNIPER","JUNIPERUS","flaccida","","","JUNIPERUS FLACCIDA","JUFL",20,161,10,0.35166,"","S","Y",0.45,24,0.4,24,0.481,1.3853915663,"2021-09-03 22:38:53",""
61,"ASHE JUNIPER","JUNIPERUS","ashei","","","JUNIPERUS ASHEI","JUAS",20,161,10,0.63086,"","S","Y",0.45,24,0.4,24,0.477,1.3853915663,"2021-09-03 22:38:53",""
62,"CALIFORNIA JUNIPER","JUNIPERUS","californica","","","JUNIPERUS CALIFORNICA","JUCA7",38,161,10,0.35166,"","S","Y",0.45,24,0.4,24,0.477,1.3853915663,"2021-09-03 22:38:53",""
63,"ALLIGATOR JUNIPER","JUNIPERUS","deppeana","","","JUNIPERUS DEPPEANA","JUDE2",38,161,10,0.35166,"","S","Y",0.48,12,0.4,22,0.476,1.359697,"2021-09-03 22:38:53",""
64,"WESTERN JUNIPER","JUNIPERUS","occidentalis","","","JUNIPERUS OCCIDENTALIS","JUOC",38,38,1,0.45789,"","S","N",0.45,24,0.4,24,0.48,1.3853915663,"2021-09-03 22:38:53",""
65,"UTAH JUNIPER","JUNIPERUS","osteosperma","","","JUNIPERUS OSTEOSPERMA","JUOS",38,161,10,0.35166,"","S","Y",0.68,10,0.4,22,0.469,1.3666483516,"2021-09-03 22:38:53",""
66,"ROCKY MOUNTAIN JUNIPER","JUNIPERUS","scopulorum","","","JUNIPERUS SCOPULORUM","JUSC2",38,63,10,0.35166,"","S","Y",0.45,24,0.4,24,0.477,1.3853915663,"2021-09-03 22:38:53",""
67,"SOUTHERN REDCEDAR","JUNIPERUS","virginiana","silicicola","","JUNIPERUS VIRGINIANA VAR. SILICICOLA","JUVIS",20,64,1,0.63086,"","S","N",0.42,12,0.4,22,0.521,1.4312393462,"2021-09-03 22:38:55",""
68,"EASTERN REDCEDAR","JUNIPERUS","virginiana","","","JUNIPERUS VIRGINIANA","JUVI",20,64,1,0.63086,"X","S","N",0.44,1,0.4,8,0.521,1.3725819672,"2021-09-03 22:38:53",""
69,"ONESEED JUNIPER","JUNIPERUS","monosperma","","","JUNIPERUS MONOSPERMA","JUMO",38,161,10,0.35166,"","S","Y",0.45,24,0.4,24,0.477,1.3853915663,"2021-09-03 22:38:53",""
70,"LARCH SPP.","LARIX","spp.","","","LARIX SP.","LARIX",1,73,1,0.63086,"X","S","N",0.49,23,0.32,23,0.476,1.5905235602,"2021-09-03 22:38:52",""
71,"TAMARACK","LARIX","laricina","","","LARIX LARICINA","LALA",1,65,1,0.63086,"X","S","N",0.49,1,0.3,8,0.476,1.5718158263,"2021-09-03 22:38:53",""
72,"SUBALPINE LARCH","LARIX","lyallii","","","LARIX LYALLII","LALY",2,40,1,0.45789,"","S","N",0.49,24,0.32,24,0.476,1.5905235602,"2021-09-03 22:38:53",""
73,"WESTERN LARCH","LARIX","occidentalis","","","LARIX OCCIDENTALIS","LAOC",2,13,1,0.79964,"X","S","N",0.48,1,0.33,4,0.476,1.6067768891,"2021-09-03 22:38:53",""
74,"JAPANESE LARCH","LARIX","kaempferi","","","LARIX KAEMPFERI","LAKA2",20,73,1,0.63086,"","?","N",0.49,23,0.32,23,0.481,2,"2021-09-03 22:38:53",""
75,"SIBERIAN LARCH","LARIX","sibirica","","","LARIX SIBIRICA","LASI3",20,73,1,0.63086,"","?","N",0.49,23,0.32,23,0.476,2,"2021-09-03 22:38:53",""
81,"INCENSE-CEDAR","CALOCEDRUS","decurrens","","","CALOCEDRUS DECURRENS","CADE27",18,10,1,0.5884,"X","S","N",0.35,1,0.25,3,0.538,1.9762674904,"2021-09-03 22:38:53",""
90,"SPRUCE SPP.","PICEA","spp.","","","PICEA SP.","PICEA",1,220,5,0.60817,"","S","N",0.36,23,0.44,23,0.48,1.6204794637,"2021-09-03 22:38:52",""
91,"NORWAY SPRUCE","PICEA","abies","","","PICEA ABIES","PIAB",1,72,5,0.63086,"X","S","N",0.36,24,0.44,24,0.478,1.6204794637,"2021-09-03 22:38:53",""
92,"BREWER SPRUCE","PICEA","breweriana","","","PICEA BREWERIANA","PIBR",18,40,5,0.44215,"","S","N",0.36,24,0.44,24,0.48,1.6204794637,"2021-09-03 22:38:53",""
93,"ENGELMANN SPRUCE","PICEA","engelmannii","","","PICEA ENGELMANNII","PIEN",1,14,5,0.44215,"X","S","N",0.33,1,0.51,4,0.481,1.8787766162,"2021-09-03 22:38:53",""
94,"WHITE SPRUCE","PICEA","glauca","","","PICEA GLAUCA","PIGL",1,16,5,0.60817,"X","S","N",0.37,1,0.39,4,0.512,1.5461920232,"2021-09-03 22:38:53",""
95,"BLACK SPRUCE","PICEA","mariana","","","PICEA MARIANA","PIMA",3,17,5,0.60817,"X","S","N",0.38,1,0.42,4,0.48,1.5303013936,"2021-09-03 22:38:53",""
96,"BLUE SPRUCE","PICEA","pungens","","","PICEA PUNGENS","PIPU",1,15,5,0.44215,"X","S","N",0.36,24,0.44,24,0.48,1.6204794637,"2021-09-03 22:38:53",""
97,"RED SPRUCE","PICEA","rubens","","","PICEA RUBENS","PIRU",1,58,5,0.60817,"X","S","N",0.37,1,0.32,6,0.48,1.5010131171,"2021-09-03 22:38:53",""
98,"SITKA SPRUCE","PICEA","sitchensis","","","PICEA SITCHENSIS","PISI",18,18,5,0.46288,"X","S","N",0.33,1,0.55,3,0.5,1.6376175276,"2021-09-03 22:38:53",""
100,"PINE SPP.","PINUS","spp.","","","PINUS SP.","PINUS",20,220,4,0.63086,"","S","N",0.43,23,0.4,23,0.478,1.7511885788,"2021-09-03 22:38:52",""
101,"WHITEBARK PINE","PINUS","albicaulis","","","PINUS ALBICAULIS","PIAL",10,19,4,0.45789,"X","S","N",0.43,24,0.4,24,0.478,1.7511885788,"2021-09-03 22:38:53",""
102,"ROCKY MOUNTAIN BRISTLECONE PINE","PINUS","aristata","","","PINUS ARISTATA","PIAR",10,20,4,0.45789,"","S","N",0.43,24,0.4,24,0.478,1.7511885788,"2021-09-03 22:38:53",""
103,"KNOBCONE PINE","PINUS","attenuata","","","PINUS ATTENUATA","PIAT",8,21,4,0.45789,"","S","N",0.39,7,0.38,7,0.479,2.0161157157,"2021-09-03 22:38:53",""
104,"FOXTAIL PINE","PINUS","balfouriana","","","PINUS BALFOURIANA","PIBA",8,20,4,0.45789,"X","S","N",0.43,24,0.4,24,0.478,1.7511885788,"2021-09-03 22:38:53",""
105,"JACK PINE","PINUS","banksiana","","","PINUS BANKSIANA","PIBA2",4,41,4,0.6432,"X","S","N",0.4,1,0.41,4,0.479,1.9922212564,"2021-09-03 22:38:53",""
106,"COMMON OR TWO-NEEDLE PINYON","PINUS","edulis","","","PINUS EDULIS","PIED",38,162,10,0.35166,"","S","Y",0.5,12,0.4,22,0.476,1.3130310694,"2021-09-03 22:38:53",""
107,"SAND PINE","PINUS","clausa","","","PINUS CLAUSA","PICL",4,44,4,1.01056,"X","S","N",0.46,1,0.45,6,0.477,1.3960378825,"2021-09-03 22:38:53",""
108,"LODGEPOLE PINE","PINUS","contorta","","","PINUS CONTORTA","PICO",5,23,4,0.88314,"X","S","N",0.38,1,0.38,4,0.503,1.6447368,"2021-09-03 22:38:53",""
109,"COULTER PINE","PINUS","coulteri","","","PINUS COULTERI","PICO3",10,24,4,0.45789,"X","S","N",0.43,24,0.4,24,0.478,1.7511885788,"2021-09-03 22:38:53",""
110,"SHORTLEAF PINE","PINUS","echinata","","","PINUS ECHINATA","PIEC2",6,45,4,0.76331,"X","S","N",0.47,1,0.35,4,0.477,1.7548364779,"2021-09-03 22:38:53",""
111,"SLASH PINE","PINUS","elliottii","","","PINUS ELLIOTTII","PIEL",7,46,4,0.92212,"X","S","N",0.54,1,0.35,4,0.513,1.7376086299,"2021-09-03 22:38:53",""
112,"APACHE PINE","PINUS","engelmannii","","","PINUS ENGELMANNII","PIEN2",10,40,4,0.45789,"X","S","N",0.43,24,0.4,24,0.502,1.7511885788,"2021-09-03 22:38:53",""
113,"LIMBER PINE","PINUS","flexilis","","","PINUS FLEXILIS","PIFL2",10,25,4,0.45789,"","S","N",0.37,12,0.5,22,0.48,1.8223354783,"2021-09-03 22:38:53",""
114,"SOUTHWESTERN WHITE PINE ","PINUS","strobiformis","","","PINUS STROBIFORMIS","PIST3",10,22,4,0.45789,"","S","N",0.43,24,0.4,24,0.47,1.7511885788,"2021-09-03 22:38:53",""
115,"SPRUCE PINE","PINUS","glabra","","","PINUS GLABRA","PIGL2",4,47,4,1.01056,"","S","N",0.41,1,0.45,6,0.479,1.6933034262,"2021-09-03 22:38:53",""
116,"JEFFREY PINE","PINUS","jeffreyi","","","PINUS JEFFREYI","PIJE",10,36,4,0.43374,"X","S","N",0.37,7,0.36,7,0.519,1.8960637292,"2021-09-03 22:38:53",""
117,"SUGAR PINE","PINUS","lambertiana","","","PINUS LAMBERTIANA","PILA",10,27,4,0.55715,"X","S","N",0.34,1,0.35,3,0.481,2.2118659277,"2021-09-03 22:38:53",""
118,"CHIHUAHUAN PINE","PINUS","leiophylla","","","PINUS LEIOPHYLLA","PILE",10,40,4,0.45789,"","S","N",0.43,24,0.4,24,0.494,1.7511885788,"2021-09-03 22:38:53",""
119,"WESTERN WHITE PINE","PINUS","monticola","","","PINUS MONTICOLA","PIMO3",8,28,4,0.57387,"X","S","N",0.36,1,0.47,4,0.48,1.5980640624,"2021-09-03 22:38:53",""
120,"BISHOP PINE","PINUS","muricata","","","PINUS MURICATA","PIMU",10,6,4,0.45789,"X","S","N",0.45,7,0.45,7,0.477,1.5705282525,"2021-09-03 22:38:53",""
121,"LONGLEAF PINE","PINUS","palustris","","","PINUS PALUSTRIS","PIPA2",9,48,4,0.92212,"X","S","N",0.54,1,0.45,4,0.474,1.6588988239,"2021-09-03 22:38:53",""
122,"PONDEROSA PINE","PINUS","ponderosa","","","PINUS PONDEROSA","PIPO",10,26,4,0.43374,"X","S","N",0.38,1,0.35,4,0.513,1.7891038911,"2021-09-03 22:38:53",""
123,"TABLE MOUNTAIN PINE","PINUS","pungens","","","PINUS PUNGENS","PIPU5",4,49,4,1.01056,"","S","N",0.49,12,0.45,22,0.476,1.748211481,"2021-09-03 22:38:53",""
124,"MONTEREY PINE","PINUS","radiata","","","PINUS RADIATA","PIRA2",10,29,4,0.45789,"","S","N",0.4,12,0.4,22,0.479,1.9532492063,"2021-09-03 22:38:53",""
125,"RED PINE","PINUS","resinosa","","","PINUS RESINOSA","PIRE",11,42,4,0.72911,"X","S","N",0.41,1,0.27,4,0.533,1.6662577113,"2021-09-03 22:38:53",""
126,"PITCH PINE","PINUS","rigida","","","PINUS RIGIDA","PIRI",4,50,4,1.01056,"","S","N",0.47,1,0.34,3,0.477,1.7208355792,"2021-09-03 22:38:53",""
127,"GRAY OR CALIFORNIA FOOTHILL PINE","PINUS","sabiniana","","","PINUS SABINIANA","PISA2",38,163,4,0.45789,"","S","N",0.4,7,0.4,7,0.479,1.7668442623,"2021-09-03 22:38:53",""
128,"POND PINE","PINUS","serotina","","","PINUS SEROTINA","PISE",12,51,4,1.01056,"X","S","N",0.51,1,0.33,22,0.475,1.6296668978,"2021-09-03 22:38:53",""
129,"EASTERN WHITE PINE","PINUS","strobus","","","PINUS STROBUS","PIST",13,53,4,0.72911,"X","S","N",0.34,1,0.47,4,0.507,1.6597013601,"2021-09-03 22:38:53",""
130,"SCOTCH PINE","PINUS","sylvestris","","","PINUS SYLVESTRIS","PISY",4,71,4,1.01056,"X","S","N",0.43,24,0.4,24,0.471,1.7511885788,"2021-09-03 22:38:53",""
131,"LOBLOLLY PINE","PINUS","taeda","","","PINUS TAEDA","PITA",14,52,4,0.76331,"X","S","N",0.47,1,0.33,4,0.477,1.8264388484,"2021-09-03 22:38:53",""
132,"VIRGINIA PINE","PINUS","virginiana","","","PINUS VIRGINIANA","PIVI2",4,54,4,1.01056,"X","S","N",0.45,1,0.54,4,0.477,1.7970947583,"2021-09-03 22:38:53",""
133,"SINGLELEAF PINYON","PINUS","monophylla","","","PINUS MONOPHYLLA","PIMO",38,162,10,0.35166,"","S","Y",0.43,24,0.4,24,0.478,1.7511885788,"2021-09-03 22:38:53",""
134,"BORDER PINYON","PINUS","discolor","","","PINUS DISCOLOR","PIDI3",38,162,10,0.35166,"","S","Y",0.43,24,0.4,24,0.478,1.7511885788,"2021-09-03 22:38:53",""
135,"ARIZONA PINE","PINUS","arizonica","","","PINUS ARIZONICA","PIAR5",10,26,4,0.43374,"X","S","N",0.43,24,0.4,24,0.478,1.7511885788,"2021-09-03 22:38:53",""
136,"AUSTRIAN PINE","PINUS","nigra","","","PINUS NIGRA","PINI",20,70,4,0.63086,"","S","N",0.43,24,0.4,24,0.528,1.7511885788,"2021-09-03 22:38:53",""
137,"WASHOE PINE","PINUS","washoensis","","","PINUS WASHOENSIS","PIWA",10,40,4,0.45789,"","S","N",0.43,24,0.4,24,0.478,1.7511885788,"2021-09-03 22:38:53",""
138,"FOUR-LEAF OR PARRY PINYON PINE","PINUS","quadrifolia","","","PINUS QUADRIFOLIA","PIQU",38,162,10,0.45789,"","S","Y",0.43,24,0.4,24,0.473,1.7511885788,"2021-09-03 22:38:53",""
139,"TORREY PINE","PINUS","torreyana","","","PINUS TORREYANA","PITO",10,40,4,0.45789,"","S","N",0.43,24,0.4,24,0.478,1.7511885788,"2021-09-03 22:38:53",""
140,"MEXICAN PINYON PINE","PINUS","cembroides","","","PINUS CEMBROIDES","PICE",38,162,10,0.35166,"","S","Y",0.43,24,0.4,24,0.485,1.7511885788,"2021-09-03 22:38:53",""
141,"PAPERSHELL PINYON PINE","PINUS","remota","","","PINUS REMOTA","PIRE5",38,162,10,0.35166,"","S","Y",0.43,24,0.4,24,0.478,1.7511885788,"2021-09-03 22:38:53",""
142,"GREAT BASIN BRISTLECONE PINE","PINUS","longaeva","","","PINUS LONGAEVA","PILO",10,20,4,0.45789,"","S","N",0.43,24,0.4,24,0.478,1.7511885788,"2021-09-03 22:38:53",""
143,"ARIZONA PINYON PINE","PINUS","monophylla","fallax","","PINUS MONOPHYLLA VAR. FALLAX","PIMOF",38,162,10,0.35166,"","S","Y",0.43,24,0.4,24,0.478,1.7511885788,"2021-09-03 22:38:55",""
144,"HONDURAS PINE","PINUS","elliottii","elliottii","","PINUS ELLIOTTII VAR. ELLIOTTII","PIELE2",7,228,4,0.63086,"","S","N",0.43,24,0.4,24,0.513,1.7511885788,"2021-09-03 22:38:55",""
200,"DOUGLAS-FIR SPP.","PSEUDOTSUGA","spp.","","","PSEUDOTSUGA SP.","PSEUD7",15,220,2,0.63086,"","S","N",0.45,23,0.44,23,0.477,1.4282826394,"2021-09-03 22:38:52",""
201,"BIGCONE DOUGLAS-FIR","PSEUDOTSUGA","macrocarpa","","","PSEUDOTSUGA MACROCARPA","PSMA",15,30,2,0.45789,"X","S","N",0.45,24,0.44,24,0.477,1.4282826394,"2021-09-03 22:38:53",""
202,"DOUGLAS-FIR","PSEUDOTSUGA","menziesii","","","PSEUDOTSUGA MENZIESII","PSME",15,31,2,0.52566,"X","S","N",0.45,1,0.44,9,0.516,1.4315382085,"2021-09-03 22:38:53",""
211,"REDWOOD","SEQUOIA","sempervirens","","","SEQUOIA SEMPERVIRENS","SESE3",19,32,1,0.40997,"X","S","N",0.36,1,0.43,3,0.531,2.0364060016,"2021-09-03 22:38:53",""
212,"GIANT SEQUOIA","SEQUOIADENDRON","giganteum","","","SEQUOIADENDRON GIGANTEUM","SEGI2",19,33,1,0.45789,"","S","N",0.34,7,0.34,7,0.538,2.5364108085,"2021-09-03 22:38:53",""
220,"BALDCYPRESS SPP.","TAXODIUM","spp.","","","TAXODIUM SP.","TAXOD",31,229,1,0.63086,"","S","N",0.42,23,0.5,23,0.478,1.9576923077,"2021-09-03 22:38:52",""
221,"BALDCYPRESS","TAXODIUM","distichum","","","TAXODIUM DISTICHUM","TADI2",31,61,1,0.95175,"","S","N",0.42,1,0.5,3,0.478,1.9538846308,"2021-09-03 22:38:53",""
222,"PONDCYPRESS","TAXODIUM","ascendens","","","TAXODIUM ASCENDENS","TAAS",31,229,1,0.95175,"","S","N",0.42,24,0.5,24,0.478,1.9576923077,"2021-09-03 22:38:53",""
223,"MONTEZUMA BALDCYPRESS","TAXODIUM","mucronatum","","","TAXODIUM MUCRONATUM","TAMU",31,61,1,0.95175,"","S","N",0.42,24,0.5,24,0.453,1.9576923077,"2021-09-03 22:38:53",""
230,"YEW SPP.","TAXUS","spp.","","","TAXUS SP.","TAXUS",18,220,3,0.63086,"","S","N",0.6,23,0.59,23,0.472,1.4893008339,"2021-09-03 22:38:52",""
231,"PACIFIC YEW","TAXUS","brevifolia","","","TAXUS BREVIFOLIA","TABR2",18,40,3,0.45789,"X","S","N",0.6,12,0.59,7,0.472,1.4884477246,"2021-09-03 22:38:53",""
232,"FLORIDA YEW","TAXUS","floridana","","","TAXUS FLORIDANA","TAFL",18,39,3,0.63086,"","S","N",0.6,24,0.59,24,0.472,1.4893008339,"2021-09-03 22:38:53",""
240,"THUJA SPP.","THUJA","spp.","","","THUJA SP.","THUJA",16,220,1,0.63086,"","S","N",0.3,23,0.4,23,0.483,1.7007025266,"2021-09-03 22:38:52",""
241,"NORTHERN WHITE-CEDAR","THUJA","occidentalis","","","THUJA OCCIDENTALIS","THOC2",16,60,1,0.63086,"X","S","N",0.29,1,0.42,3,0.501,1.9755790839,"2021-09-03 22:38:53",""
242,"WESTERN REDCEDAR","THUJA","plicata","","","THUJA PLICATA","THPL",18,11,1,0.7049,"X","S","N",0.31,1,0.37,4,0.504,1.4141555908,"2021-09-03 22:38:53",""
250,"TORREYA (NUTMEG) SPP.","TORREYA","spp.","","","TORREYA SP.","TORRE",18,220,3,0.63086,"","S","N",0.41,26,0.42,26,0.479,1.7380545286,"2021-09-03 22:38:52",""
251,"CALIFORNIA TORREYA (NUTMEG)","TORREYA","californica","","","TORREYA CALIFORNICA","TOCA",18,40,3,0.45789,"","S","N",0.41,26,0.42,26,0.479,1.7380545286,"2021-09-03 22:38:53",""
252,"FLORIDA TORREYA (NUTMEG)","TORREYA","taxifolia","","","TORREYA TAXIFOLIA","TOTA",18,39,3,0.63086,"","S","N",0.41,26,0.42,26,0.479,1.7380545286,"2021-09-03 22:38:53",""
260,"HEMLOCK SPP.","TSUGA","spp.","","","TSUGA SP.","TSUGA",17,220,3,0.62759,"","S","N",0.41,23,0.46,23,0.479,1.8130141685,"2021-09-03 22:38:52",""
261,"EASTERN HEMLOCK","TSUGA","canadensis","","","TSUGA CANADENSIS","TSCA",17,66,3,0.62759,"X","S","N",0.38,1,0.46,3,0.48,2.0877236986,"2021-09-03 22:38:53",""
262,"CAROLINA HEMLOCK","TSUGA","caroliniana","","","TSUGA CAROLINIANA","TSCA2",17,66,3,0.62759,"","S","N",0.41,24,0.46,24,0.479,1.8130141685,"2021-09-03 22:38:53",""
263,"WESTERN HEMLOCK","TSUGA","heterophylla","","","TSUGA HETEROPHYLLA","TSHE",18,34,3,0.67063,"X","S","N",0.42,1,0.5,9,0.507,1.6365066052,"2021-09-03 22:38:53",""
264,"MOUNTAIN HEMLOCK","TSUGA","mertensiana","","","TSUGA MERTENSIANA","TSME",18,35,3,0.45789,"X","S","N",0.42,1,0.41,3,0.478,1.7104199699,"2021-09-03 22:38:53",""
299,"UNKNOWN DEAD CONIFER","TREE","evergreen","","","TREE EVERGREEN","2TE",20,220,4,0.45789,"","S","N",0.41,26,0.42,26,0.479,1.7380545286,"2021-09-03 22:38:53",""
300,"ACACIA SPP.","ACACIA","spp.","","","ACACIA SP.","ACACI",38,160,10,0.65075,"","H","Y",0.52,26,0.53,26,0.475,2,"2021-09-03 22:38:52","2024-01-25 07:46:08"
303,"SWEET ACACIA","ACACIA","farnesiana","","","ACACIA FARNESIANA","ACFA",38,160,10,0.84031,"","H","Y",0.52,26,0.53,26,0.475,1.758473594,"2021-09-03 22:38:53",""
304,"CATCLAW ACACIA","ACACIA","greggii","","","ACACIA GREGGII","ACGR",38,160,10,0.84031,"","H","Y",0.52,26,0.53,26,0.454,1.758473594,"2021-09-03 22:38:53",""
310,"MAPLE SPP.","ACER","spp.","","","ACER SP.","ACER",37,221,7,0.84103,"","H","N",0.47,23,0.53,23,0.477,1.7250623215,"2021-09-03 22:38:52",""
311,"FLORIDA MAPLE","ACER","barbatum","","","ACER BARBATUM","ACBA3",25,151,7,0.84103,"","H","N",0.47,24,0.53,24,0.477,1.7250623215,"2021-09-03 22:38:53",""
312,"BIGLEAF MAPLE","ACER","macrophyllum","","","ACER MACROPHYLLUM","ACMA3",25,130,7,0.96395,"X","H","N",0.44,1,0.48,3,0.496,1.753606577,"2021-09-03 22:38:53",""
313,"BOXELDER","ACER","negundo","","","ACER NEGUNDO","ACNE2",36,208,7,0.79248,"","H","N",0.42,19,0.5,22,0.487,1.90926346,"2021-09-03 22:38:53",""
314,"BLACK MAPLE","ACER","nigrum","","","ACER NIGRUM","ACNI5",27,96,9,0.84103,"","H","N",0.52,1,0.54,6,0.475,1.7234767699,"2021-09-03 22:38:53",""
315,"STRIPED MAPLE","ACER","pensylvanicum","","","ACER PENSYLVANICUM","ACPE",27,221,7,0.84031,"","H","N",0.44,11,0.5,22,0.478,1.7277702029,"2021-09-03 22:38:53",""
316,"RED MAPLE","ACER","rubrum","","","ACER RUBRUM","ACRU",25,95,7,0.7443,"X","H","N",0.49,1,0.6,5,0.486,1.6499966562,"2021-09-03 22:38:53",""
317,"SILVER MAPLE","ACER","saccharinum","","","ACER SACCHARINUM","ACSA2",25,97,7,0.7443,"X","H","N",0.44,1,0.57,5,0.478,1.6878687534,"2021-09-03 22:38:53",""
318,"SUGAR MAPLE","ACER","saccharum","","","ACER SACCHARUM","ACSA3",27,96,9,0.84103,"X","H","N",0.56,1,0.54,5,0.485,1.616468427,"2021-09-03 22:38:53",""
319,"MOUNTAIN MAPLE","ACER","spicatum","","","ACER SPICATUM","ACSP2",25,221,7,0.84031,"","H","N",0.47,24,0.53,24,0.477,1.7250623215,"2021-09-03 22:38:53",""
320,"NORWAY MAPLE","ACER","platanoides","","","ACER PLATANOIDES","ACPL",25,146,7,0.84103,"","H","N",0.47,24,0.53,24,0.477,1.7250623215,"2021-09-03 22:38:53",""
321,"ROCKY MOUNTAIN MAPLE","ACER","glabrum","","","ACER GLABRUM","ACGL",38,159,10,0.65075,"","H","Y",0.47,24,0.53,24,0.477,1.7250623215,"2021-09-03 22:38:53",""
322,"BIGTOOTH MAPLE","ACER","grandidentatum","","","ACER GRANDIDENTATUM","ACGR3",38,159,10,0.65075,"","H","Y",0.47,24,0.53,24,0.477,1.7250623215,"2021-09-03 22:38:53",""
323,"CHALK MAPLE","ACER","leucoderme","","","ACER LEUCODERME","ACLE",36,97,8,0.84103,"","H","N",0.47,24,0.53,24,0.477,1.7250623215,"2021-09-03 22:38:53",""
324,"TRIDENT MAPLE","ACER","buergerianum","","","ACER BUERGERIANUM","ACBU4",NA,NA,8,0.84,"","H","N",0.47,24,0.53,24,0.477,1.76,"2021-09-03 22:38:59","2024-02-01 13:08:16"
325,"PURPLE BLOW MAPLE","ACER","truncatum","","","ACER TRUNCATUM","ACTR8",NA,NA,8,0.84,"","H","N",0.47,24,0.53,24,0.477,1.76,"2021-09-03 22:38:59","2024-02-01 13:08:17"
330,"BUCKEYE, HORSECHESTNUT SPP.","AESCULUS","spp.","","","AESCULUS SP.","AESCU",27,221,8,0.96395,"","H","N",0.33,25,0.5,25,0.481,2.33,"2021-09-03 22:38:52",""
331,"OHIO BUCKEYE","AESCULUS","glabra","","","AESCULUS GLABRA","AEGL",27,101,8,0.79248,"","H","N",0.33,25,0.5,25,0.481,2.33,"2021-09-03 22:38:53",""
332,"YELLOW BUCKEYE","AESCULUS","flava","","","AESCULUS FLAVA","AEFL",27,101,8,0.79248,"","H","N",0.33,11,0.5,22,0.481,2.3287036889,"2021-09-03 22:38:53",""
333,"CALIFORNIA BUCKEYE","AESCULUS","californica","","","AESCULUS CALIFORNICA","AECA",27,221,8,0.96395,"","H","N",0.33,25,0.5,25,0.481,2.33,"2021-09-03 22:38:53",""
334,"TEXAS BUCKEYE","AESCULUS","glabra","arguta","","AESCULUS GLABRA VAR. ARGUTA","AEGLA",27,101,8,0.79248,"","H","N",0.33,25,0.5,25,0.481,2.33,"2021-09-03 22:38:55",""
335,"RED HORSE-CHESTNUT","AESCULUS","x carnea","","","AESCULUS X CARNEA","AECA2",NA,NA,8,0.84,"","H","N",0.33,24,0.5,24,0.481,1.76,"2021-09-03 22:38:59","2024-02-01 13:19:33"
336,"RED BUCKEYE","AESCULUS","pavia","","","AESCULUS PAVIA","AEPA",27,101,8,0.84031,"","H","N",0.33,25,0.5,25,0.481,2.33,"2021-09-03 22:38:53",""
337,"PAINTED BUCKEYE","AESCULUS","sylvatica","","","AESCULUS SYLVATICA","AESY",27,101,8,0.79248,"","H","N",0.33,25,0.5,25,0.481,2.33,"2021-09-03 22:38:53",""
341,"AILANTHUS","AILANTHUS","altissima","","","AILANTHUS ALTISSIMA","AIAL",25,146,8,0.84031,"","H","N",0.46,11,0.45,22,0.477,1.7469099379,"2021-09-03 22:38:53",""
345,"MIMOSA, SILKTREE","ALBIZIA","julibrissin","","","ALBIZIA JULIBRISSIN","ALJU",36,146,8,0.84031,"","H","N",0.52,26,0.53,26,0.475,1.758473594,"2021-09-03 22:38:53",""
350,"ALDER SPP.","ALNUS","spp.","","","ALNUS SP.","ALNUS",37,221,6,0.79248,"","H","N",0.37,23,0.56,23,0.48,1.9544462454,"2021-09-03 22:38:52",""
351,"RED ALDER","ALNUS","rubra","","","ALNUS RUBRA","ALRU2",26,131,6,0.74995,"X","H","N",0.37,1,0.56,9,0.483,1.9545104962,"2021-09-03 22:38:53",""
352,"WHITE ALDER","ALNUS","rhombifolia","","","ALNUS RHOMBIFOLIA","ALRH2",26,131,6,0.96395,"","H","N",0.37,24,0.56,24,0.48,1.9544462454,"2021-09-03 22:38:53",""
353,"ARIZONA ALDER","ALNUS","oblongifolia","","","ALNUS OBLONGIFOLIA","ALOB2",37,221,6,0.96395,"","H","N",0.37,24,0.56,24,0.48,1.9544462454,"2021-09-03 22:38:53",""
355,"EUROPEAN ALDER","ALNUS","glutinosa","","","ALNUS GLUTINOSA","ALGL2",26,146,6,0.79248,"","H","N",0.37,24,0.56,24,0.48,1.9544462454,"2021-09-03 22:38:53",""
356,"SERVICEBERRY SPP.","AMELANCHIER","spp.","","","AMELANCHIER SP.","AMELA",37,221,8,0.84031,"","H","N",0.66,11,0.5,22,0.47,1.4886369644,"2021-09-03 22:38:52",""
357,"COMMON SERVICEBERRY","AMELANCHIER","arborea","","","AMELANCHIER ARBOREA","AMAR3",37,221,8,0.84031,"","H","N",0.66,24,0.5,24,0.47,1.4873559949,"2021-09-03 22:38:53",""
358,"ROUNDLEAF SERVICEBERRY","AMELANCHIER","sanguinea","","","AMELANCHIER SANGUINEA","AMSA",37,221,8,0.84031,"","H","N",0.66,24,0.5,24,0.47,1.4873559949,"2021-09-03 22:38:53",""
360,"MADRONE SPP.","ARBUTUS","spp.","","","ARBUTUS SP.","ARBUT",37,221,8,0.84031,"","H","N",0.58,25,0.6,25,0.473,1.6519402985,"2021-09-03 22:38:52",""
361,"PACIFIC MADRONE","ARBUTUS","menziesii","","","ARBUTUS MENZIESII","ARME",37,132,8,0.96395,"","H","N",0.58,11,0.6,1,0.473,1.650335803,"2021-09-03 22:38:53",""
362,"ARIZONA MADRONE","ARBUTUS","arizonica","","","ARBUTUS ARIZONICA","ARAR2",37,221,8,0.96395,"","H","N",0.58,25,0.6,25,0.473,1.6519402985,"2021-09-03 22:38:53",""
363,"TEXAS MADRONE","ARBUTUS","xalapensis","","","ARBUTUS XALAPENSIS","ARXA80",29,160,10,0.96395,"","H","Y",0.58,25,0.6,25,0.499,1.6519402985,"2021-09-03 22:38:53",""
367,"PAWPAW","ASIMINA","triloba","","","ASIMINA TRILOBA","ASTR",25,221,8,0.84031,"","H","N",0.52,26,0.53,26,0.475,1.758473594,"2021-09-03 22:38:53",""
369,"HIMALAYAN BIRCH","BETULA","utilis","","","BETULA UTILIS","BEUT2",NA,NA,8,0.84,"","H","N",0.51,24,0.58,24,0.475,1.76,"2024-02-01 13:08:18",""
370,"BIRCH SPP.","BETULA","spp.","","","BETULA SP.","BETUL",37,221,7,0.79248,"","H","N",0.51,23,0.58,23,0.475,1.7169083189,"2021-09-03 22:38:52",""
371,"YELLOW BIRCH","BETULA","alleghaniensis","","","BETULA ALLEGHANIENSIS","BEAL2",27,98,7,0.78859,"X","H","N",0.55,1,0.62,3,0.488,1.7075001511,"2021-09-03 22:38:53",""
372,"SWEET BIRCH","BETULA","lenta","","","BETULA LENTA","BELE",27,221,7,0.93185,"","H","N",0.6,1,0.62,22,0.472,1.7111492826,"2021-09-03 22:38:53",""
373,"RIVER BIRCH","BETULA","nigra","","","BETULA NIGRA","BENI",28,129,7,0.79248,"","H","N",0.49,11,0.55,22,0.476,1.8239150459,"2021-09-03 22:38:53",""
374,"WATER BIRCH","BETULA","occidentalis","","","BETULA OCCIDENTALIS","BEOC2",28,221,7,0.96395,"","H","N",0.51,24,0.58,24,0.475,1.7169083189,"2021-09-03 22:38:53",""
375,"PAPER BIRCH","BETULA","papyrifera","","","BETULA PAPYRIFERA","BEPA",28,99,7,0.79248,"X","H","N",0.48,1,0.56,5,0.519,1.7079417593,"2021-09-03 22:38:53",""
376,"RESIN BIRCH","BETULA","neoalaskana","","","BETULA NEOALASKANA","BENE4",28,99,7,0.79248,"X","H","N",0.48,1,0.56,5,0.476,1.7079417593,"2021-09-03 22:38:53",""
377,"VIRGINIA ROUNDLEAF BIRCH","BETULA","uber","","","BETULA UBER","BEUB",27,221,7,0.79248,"","H","N",0.51,24,0.58,24,0.475,1.7169083189,"2021-09-03 22:38:53",""
378,"NORTHWESTERN PAPER BIRCH","BETULA","x utahensis","","","BETULA X UTAHENSIS","BEUT",28,99,7,0.96395,"","H","N",0.51,24,0.58,24,0.475,1.7169083189,"2021-09-03 22:38:53",""
379,"GRAY BIRCH","BETULA","populifolia","","","BETULA POPULIFOLIA","BEPO",28,224,7,0.79248,"","H","N",0.45,11,0.55,22,0.477,1.6373433324,"2021-09-03 22:38:53",""
381,"CHITTAMWOOD, GUM BUMELIA","SIDEROXYLON","lanuginosum","","lanuginosum","SIDEROXYLON LANUGINOSUM SSP. LANUGINOSUM","SILAL3",25,151,8,0.84031,"","H","N",0.52,26,0.53,26,0.475,1.758473594,"2021-09-03 22:38:55",""
390,"JAPANESE HORNBEAM","CARPINUS","japonica","","","CARPINUS JAPONICA","CAJA15",NA,NA,8,0.84,"","H","N",0.52,26,0.53,26,0.475,1.76,"2024-02-01 13:08:19",""
391,"AMERICAN HORNBEAM, MUSCLEWOOD","CARPINUS","caroliniana","","","CARPINUS CAROLINIANA","CACA18",25,101,8,0.84031,"","H","N",0.58,11,0.55,22,0.473,1.4968694787,"2021-09-03 22:38:53",""
400,"HICKORY SPP.","CARYA","spp.","","","CARYA SP.","CARYA",29,221,9,0.74366,"","H","N",0.62,23,0.62,23,0.471,1.6720551724,"2021-09-03 22:38:52",""
401,"WATER HICKORY","CARYA","aquatica","","","CARYA AQUATICA","CAAQ2",29,90,9,0.74366,"","H","N",0.61,1,0.6,6,0.472,1.8068555297,"2021-09-03 22:38:53",""
402,"BITTERNUT HICKORY","CARYA","cordiformis","","","CARYA CORDIFORMIS","CACO15",29,92,9,0.74366,"X","H","N",0.6,1,0.6,8,0.472,1.6945976724,"2021-09-03 22:38:53",""
403,"PIGNUT HICKORY","CARYA","glabra","","","CARYA GLABRA","CAGL8",29,92,9,0.74366,"","H","N",0.66,1,0.6,8,0.47,1.6448941746,"2021-09-03 22:38:53",""
404,"PECAN","CARYA","illinoinensis","","","CARYA ILLINOINENSIS","CAIL2",29,91,9,0.74366,"","H","N",0.6,1,0.6,6,0.472,1.6486206897,"2021-09-03 22:38:53",""
405,"SHELLBARK HICKORY","CARYA","laciniosa","","","CARYA LACINIOSA","CALA21",29,90,9,0.74366,"","H","N",0.62,1,0.6,6,0.471,1.6472625279,"2021-09-03 22:38:53",""
406,"NUTMEG HICKORY","CARYA","myristiciformis","","","CARYA MYRISTICIFORMIS","CAMY",29,92,9,0.74366,"","H","N",0.56,1,0.6,6,0.473,1.7491463293,"2021-09-03 22:38:53",""
407,"SHAGBARK HICKORY","CARYA","ovata","","","CARYA OVATA","CAOV2",29,92,9,0.74366,"X","H","N",0.64,1,0.72,5,0.471,1.5617584797,"2021-09-03 22:38:53",""
408,"BLACK HICKORY","CARYA","texana","","","CARYA TEXANA","CATE9",29,92,9,0.74366,"","H","N",0.62,24,0.62,24,0.471,1.6720551724,"2021-09-03 22:38:53",""
409,"MOCKERNUT HICKORY","CARYA","alba","","","CARYA ALBA","CAAL27",29,92,9,0.74366,"","H","N",0.64,1,0.6,8,0.471,1.6243750435,"2021-09-03 22:38:53",""
410,"SAND HICKORY","CARYA","pallida","","","CARYA PALLIDA","CAPA24",29,92,9,0.74366,"","H","N",0.62,24,0.62,24,0.471,1.6720551724,"2021-09-03 22:38:53",""
411,"SCRUB HICKORY","CARYA","floridana","","","CARYA FLORIDANA","CAFL6",29,92,9,0.74366,"","H","N",0.62,24,0.62,24,0.471,1.6720551724,"2021-09-03 22:38:53",""
412,"RED HICKORY","CARYA","ovalis","","","CARYA OVALIS","CAOV3",29,92,9,0.74366,"","H","N",0.62,24,0.62,24,0.471,1.6720551724,"2021-09-03 22:38:53",""
413,"SOUTHERN SHAGBARK HICKORY","CARYA","carolinae-septentrionalis","","","CARYA CAROLINAE-SEPTENTRIONALIS","CACA38",29,92,9,0.74366,"","H","N",0.62,24,0.62,24,0.471,1.6720551724,"2021-09-03 22:38:53",""
420,"CHESTNUT SPP.","CASTANEA","spp.","","","CASTANEA SP.","CASTA",37,221,8,0.84031,"","H","N",0.4,25,0.5,25,0.479,2.1510526316,"2021-09-03 22:38:52",""
421,"AMERICAN CHESTNUT","CASTANEA","dentata","","","CASTANEA DENTATA","CADE12",25,101,8,0.84031,"","H","N",0.4,1,0.5,6,0.464,2.1541578947,"2021-09-03 22:38:53",""
422,"ALLEGHENY CHINKAPIN","CASTANEA","pumila","","","CASTANEA PUMILA","CAPU9",29,221,8,0.79248,"","H","N",0.4,25,0.5,25,0.479,2.1510526316,"2021-09-03 22:38:53",""
423,"OZARK CHINKAPIN","CASTANEA","pumila","ozarkensis","","CASTANEA PUMILA VAR. OZARKENSIS","CAPUO",29,221,8,0.84031,"","H","N",0.4,25,0.5,25,0.479,2.1510526316,"2021-09-03 22:38:55",""
424,"CHINESE CHESTNUT","CASTANEA","mollissima","","","CASTANEA MOLLISSIMA","CAMO83",37,146,8,0.84031,"","H","N",0.4,25,0.5,25,0.479,2.1510526316,"2021-09-03 22:38:53",""
431,"GIANT CHINKAPIN, GOLDEN CHINKAPIN","CHRYSOLEPIS","chrysophylla","chrysophylla","","CHRYSOLEPIS CHRYSOPHYLLA VAR. CHRYSOPHYLLA","CHCHC4",29,133,8,0.96395,"","H","N",0.42,11,0.42,7,0.478,2.2826453143,"2021-09-03 22:38:55",""
450,"CATALPA SPP.","CATALPA","spp.","","","CATALPA SP.","CATAL",27,221,8,0.93185,"","H","N",0.38,25,0.5,25,0.48,1.7563736264,"2021-09-03 22:38:52",""
451,"SOUTHERN CATALPA","CATALPA","bignonioides","","","CATALPA BIGNONIOIDES","CABI8",27,221,8,0.84031,"","H","N",0.38,25,0.5,25,0.469,1.7563736264,"2021-09-03 22:38:53",""
452,"NORTHERN CATALPA","CATALPA","speciosa","","","CATALPA SPECIOSA","CASP8",27,221,8,0.79248,"","H","N",0.38,11,0.5,22,0.48,1.7558790989,"2021-09-03 22:38:53",""
460,"HACKBERRY SPP.","CELTIS","spp.","","","CELTIS SP.","CELTI",36,115,8,0.79248,"","H","N",0.49,25,0.49,25,0.476,1.6739130435,"2021-09-03 22:38:52",""
461,"SUGARBERRY","CELTIS","laevigata","","","CELTIS LAEVIGATA","CELA",36,100,8,0.79248,"","H","N",0.49,25,0.49,25,0.448,1.6739130435,"2021-09-03 22:38:53",""
462,"HACKBERRY","CELTIS","occidentalis","","","CELTIS OCCIDENTALIS","CEOC",36,115,8,0.79248,"X","H","N",0.49,1,0.49,8,0.476,1.6694321043,"2021-09-03 22:38:53",""
463,"NETLEAF HACKBERRY","CELTIS","laevigata","reticulata","","CELTIS LAEVIGATA VAR. RETICULATA","CELAR",36,115,8,0.79248,"","H","N",0.49,25,0.49,25,0.448,1.6739130435,"2021-09-03 22:38:55",""
471,"EASTERN REDBUD","CERCIS","canadensis","","","CERCIS CANADENSIS","CECA4",25,101,8,0.84031,"","H","N",0.52,26,0.53,26,0.438,1.758473594,"2021-09-03 22:38:53",""
475,"CURLLEAF MOUNTAIN-MAHOGANY","CERCOCARPUS","ledifolius","","","CERCOCARPUS LEDIFOLIUS","CELE3",38,156,10,0.65075,"","H","Y",0.52,26,0.53,26,0.475,1.758473594,"2021-09-03 22:38:53",""
481,"YELLOWWOOD","CLADRASTIS","kentukea","","","CLADRASTIS KENTUKEA","CLKE",25,221,8,0.84031,"","H","N",0.52,26,0.53,26,0.475,1.758473594,"2021-09-03 22:38:53",""
490,"DOGWOOD SPP.","CORNUS","spp.","","","CORNUS SP.","CORNU",37,221,8,0.84031,"","H","N",0.61,25,0.58,25,0.472,1.4592826399,"2021-09-03 22:38:52",""
491,"FLOWERING DOGWOOD","CORNUS","florida","","","CORNUS FLORIDA","COFL2",25,101,8,0.93185,"","H","N",0.64,11,0.58,22,0.459,1.3965199421,"2021-09-03 22:38:53",""
492,"PACIFIC DOGWOOD","CORNUS","nuttallii","","","CORNUS NUTTALLII","CONU4",26,221,8,0.96395,"","H","N",0.58,15,0.58,15,0.473,1.5221439609,"2021-09-03 22:38:53",""
500,"HAWTHORN SPP.","CRATAEGUS","spp.","","","CRATAEGUS SP.","CRATA",29,101,8,0.84031,"","H","N",0.52,26,0.53,26,0.475,1.758473594,"2021-09-03 22:38:52",""
501,"COCKSPUR HAWTHORN","CRATAEGUS","crus-galli","","","CRATAEGUS CRUS-GALLI","CRCR2",29,101,8,0.84031,"","H","N",0.52,26,0.53,26,0.475,1.758473594,"2021-09-03 22:38:53",""
502,"DOWNY HAWTHORN","CRATAEGUS","mollis","","","CRATAEGUS MOLLIS","CRMO2",29,101,8,0.84031,"","H","N",0.52,26,0.53,26,0.475,1.758473594,"2021-09-03 22:38:53",""
503,"BRAINERD'S HAWTHORN","CRATAEGUS","brainerdii","","","CRATAEGUS BRAINERDII","CRBR3",29,101,8,0.84031,"","H","N",0.52,26,0.53,26,0.475,1.758473594,"2021-09-03 22:38:53",""
504,"PEAR HAWTHORN","CRATAEGUS","calpodendron","","","CRATAEGUS CALPODENDRON","CRCA",29,101,8,0.84031,"","H","N",0.52,26,0.53,26,0.475,1.758473594,"2021-09-03 22:38:53",""
505,"FIREBERRY HAWTHORN","CRATAEGUS","chrysocarpa","","","CRATAEGUS CHRYSOCARPA","CRCH",29,101,8,0.84031,"","H","N",0.52,26,0.53,26,0.475,1.758473594,"2021-09-03 22:38:53",""
506,"BROADLEAF HAWTHORN","CRATAEGUS","dilatata","","","CRATAEGUS DILATATA","CRDI",29,101,8,0.84031,"","H","N",0.52,26,0.53,26,0.475,1.758473594,"2021-09-03 22:38:53",""
507,"FANLEAF HAWTHORN","CRATAEGUS","flabellata","","","CRATAEGUS FLABELLATA","CRFL",29,101,8,0.84031,"","H","N",0.52,26,0.53,26,0.475,1.758473594,"2021-09-03 22:38:53",""
508,"ONESEED HAWTHORN","CRATAEGUS","monogyna","","","CRATAEGUS MONOGYNA","CRMO3",29,101,8,0.84031,"","H","N",0.52,26,0.53,26,0.475,1.758473594,"2021-09-03 22:38:53",""
509,"SCARLET HAWTHORN","CRATAEGUS","pedicellata","","","CRATAEGUS PEDICELLATA","CRPE",29,101,8,0.84031,"","H","N",0.52,26,0.53,26,0.475,1.758473594,"2021-09-03 22:38:53",""
510,"EUCALYPTUS SPP.","EUCALYPTUS","spp.","","","EUCALYPTUS SP.","EUCAL",26,148,8,0.93185,"","H","N",0.52,26,0.53,26,0.475,1.758473594,"2021-09-03 22:38:52",""
511,"TASMANIAN BLUEGUM","EUCALYPTUS","globulus","","","EUCALYPTUS GLOBULUS","EUGL",26,148,8,0.96395,"","H","N",0.52,26,0.53,26,0.478,1.758473594,"2021-09-03 22:38:53",""
512,"RIVER REDGUM","EUCALYPTUS","camaldulensis","","","EUCALYPTUS CAMALDULENSIS","EUCA2",26,148,8,0.84031,"","H","N",0.52,26,0.53,26,0.454,1.758473594,"2021-09-03 22:38:53",""
513,"GRAND EUCALYPTUS","EUCALYPTUS","grandis","","","EUCALYPTUS GRANDIS","EUGR12",26,148,8,0.93185,"","H","N",0.52,26,0.53,26,0.475,1.758473594,"2021-09-03 22:38:53",""
514,"SWAMPMAHOGANY","EUCALYPTUS","robusta","","","EUCALYPTUS ROBUSTA","EURO2",37,148,8,0.84031,"","H","N",0.52,26,0.53,26,0.475,1.758473594,"2021-09-03 22:38:53",""
520,"PERSIMMON SPP.","DIOSPYROS","spp.","","","DIOSPYROS SP.","DIOSP",29,93,8,0.84031,"","H","N",0.64,25,0.5,25,0.471,1.6125174825,"2021-09-03 22:38:52",""
521,"COMMON PERSIMMON","DIOSPYROS","virginiana","","","DIOSPYROS VIRGINIANA","DIVI5",29,93,8,0.93185,"","H","N",0.64,9,0.5,22,0.471,1.6103846154,"2021-09-03 22:38:53",""
522,"TEXAS PERSIMMON","DIOSPYROS","texana","","","DIOSPYROS TEXANA","DITE3",29,93,10,NA,"","H","Y",0.64,25,0.5,25,0.471,2,"2021-09-03 22:38:53",""
523,"ANACUA KNOCKAWAY","EHRETIA","anacua","","","EHRETIA ANACUA","EHAN",36,209,10,0.84031,"","H","Y",0.52,26,0.53,26,0.475,1.758473594,"2021-09-03 22:38:53",""
531,"AMERICAN BEECH","FAGUS","grandifolia","","","FAGUS GRANDIFOLIA","FAGR",27,102,9,0.63243,"X","H","N",0.56,1,0.67,5,0.478,1.5684104872,"2021-09-03 22:38:53",""
539,"NARROW-LEAFED ASH","FRAXINUS","angustifolia","","","FRAXINUS ANGUSTIFOLIA","FRAN5",NA,NA,8,0.84,"","H","N",0.51,24,0.46,24,0.457,1.76,"2024-02-01 13:08:20",""
540,"ASH SPP.","FRAXINUS","spp.","","","FRAXINUS SP.","FRAXI",33,221,8,0.93622,"","H","N",0.51,23,0.46,23,0.475,1.6415284441,"2021-09-03 22:38:52",""
541,"WHITE ASH","FRAXINUS","americana","","","FRAXINUS AMERICANA","FRAM2",33,103,8,0.93622,"X","H","N",0.55,1,0.5,5,0.474,1.512031754,"2021-09-03 22:38:53",""
542,"OREGON ASH","FRAXINUS","latifolia","","","FRAXINUS LATIFOLIA","FRLA",33,135,8,0.96395,"","H","N",0.5,1,0.5,6,0.476,1.6423793103,"2021-09-03 22:38:53",""
543,"BLACK ASH","FRAXINUS","nigra","","","FRAXINUS NIGRA","FRNI",33,104,8,0.93622,"X","H","N",0.45,1,0.43,3,0.48,1.8582652501,"2021-09-03 22:38:53",""
544,"GREEN ASH","FRAXINUS","pennsylvanica","","","FRAXINUS PENNSYLVANICA","FRPE",36,105,8,0.93622,"X","H","N",0.53,1,0.48,5,0.486,1.5887739345,"2021-09-03 22:38:53",""
545,"PUMPKIN ASH","FRAXINUS","profunda","","","FRAXINUS PROFUNDA","FRPR",33,221,8,0.93622,"","H","N",0.48,11,0.45,22,0.476,1.6978333391,"2021-09-03 22:38:53",""
546,"BLUE ASH","FRAXINUS","quadrangulata","","","FRAXINUS QUADRANGULATA","FRQU",33,221,8,0.93622,"","H","N",0.53,1,0.39,6,0.474,1.5517420718,"2021-09-03 22:38:53",""
547,"VELVET ASH","FRAXINUS","velutina","","","FRAXINUS VELUTINA","FRVE2",33,221,8,0.96395,"","H","N",0.51,24,0.46,24,0.475,1.6415284441,"2021-09-03 22:38:53",""
548,"CAROLINA ASH","FRAXINUS","caroliniana","","","FRAXINUS CAROLINIANA","FRCA3",33,221,8,0.93622,"","H","N",0.51,24,0.46,24,0.475,1.6415284441,"2021-09-03 22:38:53",""
549,"TEXAS ASH","FRAXINUS","texensis","","","FRAXINUS TEXENSIS","FRTE",29,221,8,0.93622,"","H","N",0.51,24,0.46,24,0.475,1.6415284441,"2021-09-03 22:38:53",""
550,"HONEYLOCUST SPP.","GLEDITSIA","spp.","","","GLEDITSIA SP.","GLEDI",37,221,8,0.93185,"","H","N",0.6,25,0.5,25,0.472,1.6322222222,"2021-09-03 22:38:52",""
551,"WATERLOCUST","GLEDITSIA","aquatica","","","GLEDITSIA AQUATICA","GLAQ",25,151,8,0.93185,"","H","N",0.6,25,0.5,25,0.472,1.6322222222,"2021-09-03 22:38:53",""
552,"HONEYLOCUST","GLEDITSIA","triacanthos","","","GLEDITSIA TRIACANTHOS","GLTR",27,101,8,0.93185,"","H","N",0.6,1,0.5,6,0.423,1.6345555556,"2021-09-03 22:38:53",""
555,"LOBLOLLY-BAY","GORDONIA","lasianthus","","","GORDONIA LASIANTHUS","GOLA",25,127,8,0.79248,"","H","N",0.52,26,0.53,26,0.475,1.758473594,"2021-09-03 22:38:53",""
561,"GINKGO, MAIDENHAIR TREE","GINKGO","biloba","","","GINKGO BILOBA","GIBI2",37,146,8,0.84031,"","H","N",0.52,26,0.53,26,0.475,1.758473594,"2021-09-03 22:38:53",""
571,"KENTUCKY COFFEETREE","GYMNOCLADUS","dioicus","","","GYMNOCLADUS DIOICUS","GYDI",25,101,8,0.93185,"","H","N",0.53,11,0.5,22,0.474,1.523132238,"2021-09-03 22:38:53",""
580,"SILVERBELL SPP.","HALESIA","spp.","","","HALESIA SP.","HALES",37,221,8,0.79248,"","H","N",0.42,11,0.5,22,0.478,1.7109595758,"2021-09-03 22:38:52",""
581,"CAROLINA SILVERBELL","HALESIA","carolina","","","HALESIA CAROLINA","HACA3",37,221,8,0.79248,"","H","N",0.42,24,0.5,24,0.478,1.7118181818,"2021-09-03 22:38:53",""
582,"TWO-WING SILVERBELL","HALESIA","diptera","","","HALESIA DIPTERA","HADI3",37,221,8,0.79248,"","H","N",0.42,24,0.5,24,0.478,1.7118181818,"2021-09-03 22:38:53",""
583,"LITTLE SILVERBELL","HALESIA","parviflora","","","HALESIA PARVIFLORA","HAPA2",37,221,8,0.79248,"","H","N",0.42,24,0.5,24,0.478,1.7118181818,"2021-09-03 22:38:53",""
591,"AMERICAN HOLLY","ILEX","opaca","","","ILEX OPACA","ILOP",25,106,8,0.93185,"","H","N",0.5,11,0.5,22,0.527,1.8353478261,"2021-09-03 22:38:53",""
600,"WALNUT SPP.","JUGLANS","spp.","","","JUGLANS SP.","JUGLA",30,221,8,0.79248,"","H","N",0.44,23,0.37,23,0.478,1.9160797175,"2021-09-03 22:38:52",""
601,"BUTTERNUT","JUGLANS","cinerea","","","JUGLANS CINEREA","JUCI",30,107,8,0.79248,"","H","N",0.36,1,0.4,6,0.485,2.0242381143,"2021-09-03 22:38:53",""
602,"BLACK WALNUT","JUGLANS","nigra","","","JUGLANS NIGRA","JUNI",30,108,8,0.8722,"X","H","N",0.51,1,0.33,3,0.467,1.8002681239,"2021-09-03 22:38:53",""
603,"NORTHERN CALIFORNIA BLACK WALNUT","JUGLANS","hindsii","","","JUGLANS HINDSII","JUHI",30,221,8,0.96395,"","H","N",0.44,24,0.37,24,0.478,1.9160797175,"2021-09-03 22:38:53",""
604,"SOUTHERN CALIFORNIA BLACK WALNUT","JUGLANS","californica","","","JUGLANS CALIFORNICA","JUCA",30,221,8,0.96395,"","H","N",0.44,24,0.37,24,0.478,1.9160797175,"2021-09-03 22:38:53",""
605,"TEXAS WALNUT","JUGLANS","microcarpa","","","JUGLANS MICROCARPA","JUMI",30,221,8,0.79248,"","H","N",0.44,24,0.37,24,0.478,1.9160797175,"2021-09-03 22:38:53",""
606,"ARIZONA WALNUT","JUGLANS","major","","","JUGLANS MAJOR","JUMA",37,221,8,0.96395,"","H","N",0.44,24,0.37,24,0.42,1.9160797175,"2021-09-03 22:38:53",""
611,"SWEETGUM","LIQUIDAMBAR","styraciflua","","","LIQUIDAMBAR STYRACIFLUA","LIST2",31,109,8,0.74856,"X","H","N",0.46,1,0.42,5,0.445,1.7619407023,"2021-09-03 22:38:53",""
621,"YELLOW-POPLAR","LIRIODENDRON","tulipifera","","","LIRIODENDRON TULIPIFERA","LITU",33,110,8,0.85175,"X","H","N",0.4,1,0.38,5,0.457,1.9916567098,"2021-09-03 22:38:53",""
631,"TANOAK","LITHOCARPUS","densiflorus","","","LITHOCARPUS DENSIFLORUS","LIDE3",25,136,8,0.96395,"","H","N",0.58,1,0.62,3,0.473,1.7633763323,"2021-09-03 22:38:53",""
641,"OSAGE-ORANGE","MACLURA","pomifera","","","MACLURA POMIFERA","MAPO",29,101,8,0.84031,"","H","N",0.76,11,0.6,22,0.466,1.3386176282,"2021-09-03 22:38:53",""
650,"MAGNOLIA SPP.","MAGNOLIA","spp.","","","MAGNOLIA SP.","MAGNO",33,151,8,0.79248,"","H","N",0.43,23,0.44,23,0.478,1.9188306452,"2021-09-03 22:38:52",""
651,"CUCUMBERTREE","MAGNOLIA","acuminata","","","MAGNOLIA ACUMINATA","MAAC",33,151,8,0.79248,"","H","N",0.44,1,0.44,6,0.478,1.7990019478,"2021-09-03 22:38:53",""
652,"SOUTHERN MAGNOLIA","MAGNOLIA","grandiflora","","","MAGNOLIA GRANDIFLORA","MAGR4",33,151,8,0.792,"","H","N",0.46,23,0.44,23,0.436,2.0351616076,"2021-09-03 22:38:53",""
653,"SWEETBAY","MAGNOLIA","virginiana","","","MAGNOLIA VIRGINIANA","MAVI2",25,111,8,0.79248,"","H","N",0.42,11,0.44,22,0.478,1.8928189321,"2021-09-03 22:38:53",""
654,"BIGLEAF MAGNOLIA","MAGNOLIA","macrophylla","","","MAGNOLIA MACROPHYLLA","MAMA2",33,151,8,0.84031,"","H","N",0.43,24,0.44,24,0.465,1.9188306452,"2021-09-03 22:38:53",""
655,"MOUNTAIN OR FRASER MAGNOLIA","MAGNOLIA","fraseri","","","MAGNOLIA FRASERI","MAFR",33,151,8,0.79248,"","H","N",0.4,11,0.44,22,0.479,1.9534227416,"2021-09-03 22:38:53",""
657,"PYRAMID MAGNOLIA","MAGNOLIA","pyramidata","","","MAGNOLIA PYRAMIDATA","MAPY",33,151,8,0.79248,"","H","N",0.43,24,0.44,24,0.478,1.9188306452,"2021-09-03 22:38:53",""
658,"UMBRELLA MAGNOLIA","MAGNOLIA","tripetala","","","MAGNOLIA TRIPETALA","MATR",33,151,8,0.79248,"","H","N",0.43,24,0.44,24,0.474,1.9188306452,"2021-09-03 22:38:53",""
660,"APPLE SPP.","MALUS","spp.","","","MALUS SP.","MALUS",37,221,8,0.84031,"","H","N",0.61,9,0.5,22,0.472,1.7711094891,"2021-09-03 22:38:52",""
661,"OREGON CRAB APPLE","MALUS","fusca","","","MALUS FUSCA","MAFU",29,221,8,0.96395,"","H","N",0.61,24,0.5,24,0.472,1.7712408759,"2021-09-03 22:38:53",""
662,"SOUTHERN CRAB APPLE","MALUS","angustifolia","","","MALUS ANGUSTIFOLIA","MAAN3",29,221,8,0.84031,"","H","N",0.61,24,0.5,24,0.472,1.7712408759,"2021-09-03 22:38:53",""
663,"SWEET CRAB APPLE","MALUS","coronaria","","","MALUS CORONARIA","MACO5",29,221,8,0.84031,"","H","N",0.61,24,0.5,24,0.472,1.7712408759,"2021-09-03 22:38:53",""
664,"PRAIRIE CRAB APPLE","MALUS","ioensis","","","MALUS IOENSIS","MAIO",29,221,8,0.84031,"","H","N",0.61,24,0.5,24,0.472,1.7712408759,"2021-09-03 22:38:53",""
680,"MULBERRY SPP.","MORUS","spp.","","","MORUS SP.","MORUS",25,101,8,0.93185,"","H","N",0.52,26,0.53,26,0.475,1.758473594,"2021-09-03 22:38:52",""
681,"WHITE MULBERRY","MORUS","alba","","","MORUS ALBA","MOAL",25,101,8,0.93185,"","H","N",0.52,26,0.53,26,0.511,1.758473594,"2021-09-03 22:38:53",""
682,"RED MULBERRY","MORUS","rubra","","","MORUS RUBRA","MORU2",25,101,8,0.93185,"","H","N",0.52,26,0.53,26,0.475,1.758473594,"2021-09-03 22:38:53",""
683,"TEXAS MULBERRY","MORUS","microphylla","","","MORUS MICROPHYLLA","MOMI",25,101,8,0.93185,"","H","N",0.52,26,0.53,26,0.475,1.758473594,"2021-09-03 22:38:53",""
684,"BLACK MULBERRY","MORUS","nigra","","","MORUS NIGRA","MONI",25,101,8,0.84031,"","H","N",0.52,26,0.53,26,0.475,1.758473594,"2021-09-03 22:38:53",""
690,"TUPELO SPP.","NYSSA","spp.","","","NYSSA SP.","NYSSA",31,221,8,0.84108,"","H","N",0.46,23,0.51,23,0.477,1.9511121566,"2021-09-03 22:38:52",""
691,"WATER TUPELO","NYSSA","aquatica","","","NYSSA AQUATICA","NYAQ2",31,112,8,0.84108,"","H","N",0.46,1,0.58,3,0.477,1.9317775625,"2021-09-03 22:38:53",""
692,"OGEECHEE TUPELO","NYSSA","ogeche","","","NYSSA OGECHE","NYOG",31,151,8,0.84031,"","H","N",0.46,24,0.51,24,0.477,1.9511121566,"2021-09-03 22:38:53",""
693,"BLACKGUM","NYSSA","sylvatica","","","NYSSA SYLVATICA","NYSY",31,113,8,0.84108,"","H","N",0.46,1,0.44,5,0.451,1.9747852782,"2021-09-03 22:38:53",""
694,"SWAMP TUPELO","NYSSA","biflora","","","NYSSA BIFLORA","NYBI",31,114,8,0.84108,"","H","N",0.46,24,0.51,24,0.477,1.9511121566,"2021-09-03 22:38:53",""
701,"EASTERN HOPHORNBEAM","OSTRYA","virginiana","","","OSTRYA VIRGINIANA","OSVI",25,221,8,0.84031,"","H","N",0.63,11,0.5,22,0.471,1.5650000213,"2021-09-03 22:38:53",""
711,"SOURWOOD","OXYDENDRUM","arboreum","","","OXYDENDRUM ARBOREUM","OXAR",25,101,8,0.84031,"","H","N",0.5,15,0.6,22,0.476,1.6841101695,"2021-09-03 22:38:53",""
712,"PAULOWNIA, EMPRESS-TREE","PAULOWNIA","tomentosa","","","PAULOWNIA TOMENTOSA","PATO2",27,144,8,0.79248,"","H","N",0.52,26,0.53,26,0.475,1.758473594,"2021-09-03 22:38:53",""
715,"MAYTENUS PALAUICA","MAYTENUS","palauica","","","MAYTENUS PALAUICA","MAPA28",37,NA,8,NA,"","H","N",0.75,NA,0.75,NA,0.467,1.76,"2021-09-03 22:38:53",""
718,"KESIAMEL","OSMOXYLON","truncatum","","","OSMOXYLON TRUNCATUM","OSTR",37,NA,8,NA,"","H","N",0.37,NA,0.37,NA,0.48,1.76,"2021-09-03 22:38:53",""
720,"BAY SPP.","PERSEA","spp.","","","PERSEA SP.","PERSE",33,221,8,0.84031,"","H","N",0.52,26,0.53,26,0.475,1.758473594,"2021-09-03 22:38:52",""
721,"REDBAY","PERSEA","borbonia","","","PERSEA BORBONIA","PEBO",33,127,8,0.79248,"","H","N",0.52,26,0.53,26,0.475,1.758473594,"2021-09-03 22:38:53",""
722,"WATER-ELM, PLANERTREE","PLANERA","aquatica","","","PLANERA AQUATICA","PLAQ",33,151,8,0.84031,"","H","N",0.52,26,0.53,26,0.475,1.758473594,"2021-09-03 22:38:53",""
729,"SYCAMORE SPP.","PLATANUS","spp.","","","PLATANUS SP.","PLATA",36,221,8,0.79248,"","H","N",0.46,25,0.6,25,0.477,1.8128346457,"2021-09-03 22:38:52",""
730,"CALIFORNIA SYCAMORE","PLATANUS","racemosa","","","PLATANUS RACEMOSA","PLRA",36,221,8,0.96395,"","H","N",0.46,25,0.6,25,0.477,1.8128346457,"2021-09-03 22:38:53",""
731,"AMERICAN SYCAMORE","PLATANUS","occidentalis","","","PLATANUS OCCIDENTALIS","PLOC",36,116,8,0.79248,"","H","N",0.46,1,0.6,5,0.493,1.8144960276,"2021-09-03 22:38:53",""
732,"ARIZONA SYCAMORE","PLATANUS","wrightii","","","PLATANUS WRIGHTII","PLWR2",36,221,8,0.96395,"","H","N",0.46,25,0.6,25,0.477,1.8128346457,"2021-09-03 22:38:53",""
740,"COTTONWOOD AND POPLAR SPP.","POPULUS","spp.","","","POPULUS SP.","POPUL",36,221,6,0.69089,"","H","N",0.35,23,0.46,23,0.481,2.0268987011,"2021-09-03 22:38:52",""
741,"BALSAM POPLAR","POPULUS","balsamifera","","","POPULUS BALSAMIFERA","POBA2",32,117,6,0.69089,"X","H","N",0.31,1,0.5,8,0.482,2.0130714024,"2021-09-03 22:38:53",""
742,"EASTERN COTTONWOOD","POPULUS","deltoides","","","POPULUS DELTOIDES","PODE3",36,118,6,0.69089,"X","H","N",0.37,1,0.38,5,0.468,2.0540961475,"2021-09-03 22:38:53",""
743,"BIGTOOTH ASPEN","POPULUS","grandidentata","","","POPULUS GRANDIDENTATA","POGR4",32,119,6,0.69089,"X","H","N",0.36,1,0.59,3,0.48,1.9117206249,"2021-09-03 22:38:53",""
744,"SWAMP COTTONWOOD","POPULUS","heterophylla","","","POPULUS HETEROPHYLLA","POHE4",36,118,6,0.69089,"","H","N",0.35,24,0.46,24,0.481,2.0268987011,"2021-09-03 22:38:53",""
745,"PLAINS COTTONWOOD","POPULUS","deltoides","","monilifera","POPULUS DELTOIDES SSP. MONILIFERA","PODEM",36,118,6,0.37756,"X","H","N",0.35,24,0.46,24,0.478,2.0268987011,"2021-09-03 22:38:55",""
746,"QUAKING ASPEN","POPULUS","tremuloides","","","POPULUS TREMULOIDES","POTR5",32,119,6,0.69089,"X","H","N",0.35,1,0.5,5,0.479,2.2433232464,"2021-09-03 22:38:53",""
747,"BLACK COTTONWOOD","POPULUS","balsamifera","","trichocarpa","POPULUS BALSAMIFERA SSP. TRICHOCARPA","POBAT",36,137,6,0.37756,"X","H","N",0.31,1,0.4,5,0.482,2.3129314899,"2021-09-03 22:38:55",""
748,"FREMONT COTTONWOOD","POPULUS","fremontii","","","POPULUS FREMONTII","POFR2",36,118,6,0.37756,"X","H","N",0.41,7,0.41,7,0.479,1.6268812279,"2021-09-03 22:38:53",""
749,"NARROWLEAF COTTONWOOD","POPULUS","angustifolia","","","POPULUS ANGUSTIFOLIA","POAN3",36,118,6,0.37756,"X","H","N",0.35,24,0.46,24,0.481,2.0268987011,"2021-09-03 22:38:53",""
752,"SILVER POPLAR","POPULUS","alba","","","POPULUS ALBA","POAL7",36,118,6,0.69089,"","H","N",0.35,24,0.46,24,0.481,2.0268987011,"2021-09-03 22:38:53",""
753,"LOMBARDY POPLAR","POPULUS","nigra","","","POPULUS NIGRA","PONI",36,146,6,0.69089,"","H","N",0.35,24,0.46,24,0.481,2.0268987011,"2021-09-03 22:38:53",""
755,"MESQUITE SPP.","PROSOPIS","spp.","","","PROSOPIS SP.","PROSO",38,157,10,0.65075,"","H","Y",0.78,19,0.65,22,0.466,1.2336467333,"2021-09-03 22:38:52",""
756,"HONEY MESQUITE ","PROSOPIS","glandulosa","","","PROSOPIS GLANDULOSA","PRGL2",38,157,10,0.65075,"","H","Y",0.78,24,0.65,24,0.459,1.2322222222,"2021-09-03 22:38:53",""
757,"VELVET MESQUITE","PROSOPIS","velutina","","","PROSOPIS VELUTINA","PRVE",38,157,10,0.65075,"","H","Y",0.78,24,0.65,24,0.466,1.2322222222,"2021-09-03 22:38:53",""
758,"SCREWBEAN MESQUITE","PROSOPIS","pubescens","","","PROSOPIS PUBESCENS","PRPU",38,157,10,0.65075,"","H","Y",0.78,24,0.65,24,0.466,1.2322222222,"2021-09-03 22:38:53",""
759,"SARGENT CHERRY","PRUNUS","sargentii","","","PRUNUS SARGENTII","PRSA5",NA,NA,8,0.84,"","H","N",0.47,24,0.63,24,0.467,1.76,"2024-02-01 13:08:20",""
760,"CHERRY AND PLUM SPP.","PRUNUS","spp.","","","PRUNUS SP.","PRUNU",37,221,8,0.84031,"","H","N",0.47,23,0.63,23,0.477,1.5716764255,"2021-09-03 22:38:52",""
761,"PIN CHERRY","PRUNUS","pensylvanica","","","PRUNUS PENSYLVANICA","PRPE2",25,154,8,0.84031,"","H","N",0.47,24,0.63,24,0.477,1.5716764255,"2021-09-03 22:38:53",""
762,"BLACK CHERRY","PRUNUS","serotina","","","PRUNUS SEROTINA","PRSE2",33,121,8,0.79248,"X","H","N",0.47,1,0.63,3,0.477,1.5754504286,"2021-09-03 22:38:53",""
763,"CHOKECHERRY","PRUNUS","virginiana","","","PRUNUS VIRGINIANA","PRVI",25,221,8,0.84031,"","H","N",0.47,24,0.63,24,0.477,1.5716764255,"2021-09-03 22:38:53",""
764,"PEACH","PRUNUS","persica","","","PRUNUS PERSICA","PRPE3",25,221,8,0.84031,"","H","N",0.47,24,0.63,24,0.477,1.5716764255,"2021-09-03 22:38:53",""
765,"CANADA PLUM","PRUNUS","nigra","","","PRUNUS NIGRA","PRNI",25,221,8,0.84031,"","H","N",0.47,24,0.63,24,0.477,1.5716764255,"2021-09-03 22:38:53",""
766,"AMERICAN PLUM","PRUNUS","americana","","","PRUNUS AMERICANA","PRAM",25,221,8,0.84031,"","H","N",0.47,24,0.63,24,0.477,1.5716764255,"2021-09-03 22:38:53",""
767,"WINTER-FLOWERING CHERRY","PRUNUS","subhirtella","","","PRUNUS SUBHIRTELLA","PRSU4",NA,NA,8,0.84,"","H","N",0.47,24,0.63,24,0.477,1.76,"2021-09-03 22:39:04","2024-02-01 13:08:21"
768,"BITTER CHERRY","PRUNUS","emarginata","","","PRUNUS EMARGINATA","PREM",25,221,8,0.96395,"","H","N",0.47,24,0.63,24,0.477,1.5716764255,"2021-09-03 22:38:53",""
769,"ALLEGHENY PLUM","PRUNUS","alleghaniensis","","","PRUNUS ALLEGHANIENSIS","PRAL5",33,221,8,0.84031,"","H","N",0.47,24,0.63,24,0.477,1.5716764255,"2021-09-03 22:38:53",""
770,"CHICKASAW PLUM","PRUNUS","angustifolia","","","PRUNUS ANGUSTIFOLIA","PRAN3",33,221,8,0.84031,"","H","N",0.47,24,0.63,24,0.477,1.5716764255,"2021-09-03 22:38:53",""
771,"SWEET CHERRY","PRUNUS","avium","","","PRUNUS AVIUM","PRAV",33,221,8,0.84031,"","H","N",0.47,24,0.63,24,0.505,1.5716764255,"2021-09-03 22:38:53",""
772,"SOUR CHERRY","PRUNUS","cerasus","","","PRUNUS CERASUS","PRCE",33,221,8,0.84031,"","H","N",0.47,24,0.63,24,0.477,1.5716764255,"2021-09-03 22:38:53",""
773,"EUROPEAN PLUM","PRUNUS","domestica","","","PRUNUS DOMESTICA","PRDO",33,221,8,0.84031,"","H","N",0.47,24,0.63,24,0.477,1.5716764255,"2021-09-03 22:38:53",""
774,"MAHALEB CHERRY","PRUNUS","mahaleb","","","PRUNUS MAHALEB","PRMA",33,221,8,0.84031,"","H","N",0.47,24,0.63,24,0.477,1.5716764255,"2021-09-03 22:38:53",""
800,"OAK SPP.","QUERCUS","spp.","","","QUERCUS SP.","QUERC",37,221,9,0.93185,"","H","N",0.59,23,0.58,23,0.472,1.7649304319,"2021-09-03 22:38:52",""
801,"CALIFORNIA LIVE OAK","QUERCUS","agrifolia","","","QUERCUS AGRIFOLIA","QUAG",29,138,9,0.77351,"","H","N",0.59,24,0.58,24,0.444,1.7649304319,"2021-09-03 22:38:53",""
802,"WHITE OAK","QUERCUS","alba","","","QUERCUS ALBA","QUAL",29,81,9,0.76989,"X","H","N",0.6,1,0.56,5,0.496,1.7094431845,"2021-09-03 22:38:53",""
803,"ARIZONA WHITE OAK","QUERCUS","arizonica","","","QUERCUS ARIZONICA","QUAR",38,210,10,0.65075,"","H","Y",0.59,24,0.58,24,0.472,1.7649304319,"2021-09-03 22:38:53",""
804,"SWAMP WHITE OAK","QUERCUS","bicolor","","","QUERCUS BICOLOR","QUBI",29,222,9,0.76989,"","H","N",0.64,1,0.55,22,0.471,1.6157582418,"2021-09-03 22:38:53",""
805,"CANYON LIVE OAK","QUERCUS","chrysolepis","","","QUERCUS CHRYSOLEPIS","QUCH2",29,142,9,0.77351,"","H","N",0.7,7,0.64,6,0.469,1.76067295,"2021-09-03 22:38:53",""
806,"SCARLET OAK","QUERCUS","coccinea","","","QUERCUS COCCINEA","QUCO2",29,82,9,0.77993,"X","H","N",0.6,1,0.71,3,0.472,1.6639698208,"2021-09-03 22:38:53",""
807,"BLUE OAK","QUERCUS","douglasii","","","QUERCUS DOUGLASII","QUDO",29,134,9,0.77351,"","H","N",0.59,24,0.58,24,0.472,1.7649304319,"2021-09-03 22:38:53",""
808,"DURAND OAK","QUERCUS","sinuata","sinuata","","QUERCUS SINUATA VAR. SINUATA","QUSIS",29,89,9,0.76989,"","H","N",0.59,24,0.58,24,0.472,1.7649304319,"2021-09-03 22:38:55",""
809,"NORTHERN PIN OAK","QUERCUS","ellipsoidalis","","","QUERCUS ELLIPSOIDALIS","QUEL",29,211,9,0.77993,"","H","N",0.59,24,0.58,24,0.472,1.7649304319,"2021-09-03 22:38:53",""
810,"EMORY OAK","QUERCUS","emoryi","","","QUERCUS EMORYI","QUEM",38,210,10,0.65075,"","H","Y",0.59,24,0.58,24,0.472,1.7649304319,"2021-09-03 22:38:53",""
811,"ENGELMANN OAK","QUERCUS","engelmannii","","","QUERCUS ENGELMANNII","QUEN",38,210,9,0.77351,"","H","N",0.59,24,0.58,24,0.472,1.7649304319,"2021-09-03 22:38:53",""
812,"SOUTHERN RED OAK","QUERCUS","falcata","","","QUERCUS FALCATA","QUFA",29,88,9,0.77993,"X","H","N",0.52,1,0.68,3,0.475,1.8633691855,"2021-09-03 22:38:53",""
813,"CHERRYBARK OAK","QUERCUS","pagoda","","","QUERCUS PAGODA","QUPA5",29,87,9,0.81068,"X","H","N",0.61,1,0.63,6,0.472,1.7232407402,"2021-09-03 22:38:53",""
814,"GAMBEL OAK","QUERCUS","gambelii","","","QUERCUS GAMBELII","QUGA",38,158,10,0.65075,"","H","Y",0.61,10,0.63,22,0.423,1.6552743293,"2021-09-03 22:38:53",""
815,"OREGON WHITE OAK","QUERCUS","garryana","","","QUERCUS GARRYANA","QUGA4",29,140,9,0.77351,"","H","N",0.64,11,0.63,7,0.471,1.5878401778,"2021-09-03 22:38:53",""
816,"SCRUB OAK","QUERCUS","ilicifolia","","","QUERCUS ILICIFOLIA","QUIL",29,89,9,0.84031,"","H","N",0.59,24,0.58,24,0.472,1.7649304319,"2021-09-03 22:38:53",""
817,"SHINGLE OAK","QUERCUS","imbricaria","","","QUERCUS IMBRICARIA","QUIM",29,202,9,0.77993,"X","H","N",0.59,24,0.58,24,0.472,1.7649304319,"2021-09-03 22:38:53",""
818,"CALIFORNIA BLACK OAK","QUERCUS","kelloggii","","","QUERCUS KELLOGGII","QUKE",29,139,9,0.77351,"","H","N",0.51,15,0.45,6,0.475,1.99091627,"2021-09-03 22:38:53",""
819,"TURKEY OAK","QUERCUS","laevis","","","QUERCUS LAEVIS","QULA2",29,89,9,0.84031,"","H","N",0.59,24,0.58,24,0.472,1.7649304319,"2021-09-03 22:38:53",""
820,"LAUREL OAK","QUERCUS","laurifolia","","","QUERCUS LAURIFOLIA","QULA3",29,201,9,0.77993,"","H","N",0.56,1,0.5,22,0.473,1.878950025,"2021-09-03 22:38:53",""
821,"CALIFORNIA WHITE OAK","QUERCUS","lobata","","","QUERCUS LOBATA","QULO",29,226,9,0.77351,"","H","N",0.55,7,0.55,7,0.474,1.8436865517,"2021-09-03 22:38:53",""
822,"OVERCUP OAK","QUERCUS","lyrata","","","QUERCUS LYRATA","QULY",29,128,9,0.72243,"","H","N",0.57,1,0.51,6,0.473,1.7899882953,"2021-09-03 22:38:53",""
823,"BUR OAK","QUERCUS","macrocarpa","","","QUERCUS MACROCARPA","QUMA2",29,83,9,0.76989,"","H","N",0.58,1,0.54,3,0.473,1.7612485437,"2021-09-03 22:38:53",""
824,"BLACKJACK OAK","QUERCUS","marilandica","","","QUERCUS MARILANDICA","QUMA3",29,206,9,0.77993,"","H","N",0.59,24,0.58,24,0.472,1.7649304319,"2021-09-03 22:38:53",""
825,"SWAMP CHESTNUT OAK","QUERCUS","michauxii","","","QUERCUS MICHAUXII","QUMI",29,87,9,0.76989,"","H","N",0.6,1,0.51,6,0.472,1.7158023392,"2021-09-03 22:38:53",""
826,"CHINKAPIN OAK","QUERCUS","muehlenbergii","","","QUERCUS MUEHLENBERGII","QUMU",29,207,9,0.76989,"","H","N",0.59,24,0.58,24,0.472,1.7649304319,"2021-09-03 22:38:53",""
827,"WATER OAK","QUERCUS","nigra","","","QUERCUS NIGRA","QUNI",29,204,9,0.77993,"X","H","N",0.56,1,0.62,6,0.473,1.8164320641,"2021-09-03 22:38:53",""
828,"NUTTALL OAK","QUERCUS","texana","","","QUERCUS TEXANA","QUTE",29,143,9,0.77993,"","H","N",0.59,24,0.58,24,0.472,1.7649304319,"2021-09-03 22:38:53",""
829,"MEXICAN BLUE OAK","QUERCUS","oblongifolia","","","QUERCUS OBLONGIFOLIA","QUOB",38,210,10,0.65075,"","H","Y",0.59,24,0.58,24,0.472,1.7649304319,"2021-09-03 22:38:53",""
830,"PIN OAK","QUERCUS","palustris","","","QUERCUS PALUSTRIS","QUPA2",29,205,9,0.77993,"X","H","N",0.58,1,0.6,6,0.473,1.7920168787,"2021-09-03 22:38:53",""
831,"WILLOW OAK","QUERCUS","phellos","","","QUERCUS PHELLOS","QUPH",29,125,9,0.77993,"","H","N",0.56,1,0.59,3,0.473,1.8415159122,"2021-09-03 22:38:53",""
832,"CHESTNUT OAK","QUERCUS","prinus","","","QUERCUS PRINUS","QUPR2",29,84,9,0.72243,"X","H","N",0.57,1,0.54,3,0.473,1.741057358,"2021-09-03 22:38:53",""
833,"NORTHERN RED OAK","QUERCUS","rubra","","","QUERCUS RUBRA","QURU",29,85,9,0.81068,"X","H","N",0.56,1,0.68,5,0.478,1.8465804851,"2021-09-03 22:38:53",""
834,"SHUMARD OAK","QUERCUS","shumardii","","","QUERCUS SHUMARDII","QUSH",29,87,9,0.81068,"","H","N",0.59,24,0.58,24,0.472,1.7649304319,"2021-09-03 22:38:53",""
835,"POST OAK","QUERCUS","stellata","","","QUERCUS STELLATA","QUST",29,86,9,0.72243,"X","H","N",0.6,1,0.51,3,0.472,1.7370541674,"2021-09-03 22:38:53",""
836,"DELTA POST OAK","QUERCUS","similis","","","QUERCUS SIMILIS","QUSI2",29,87,9,0.72243,"","H","N",0.59,24,0.58,24,0.472,1.7649304319,"2021-09-03 22:38:53",""
837,"BLACK OAK","QUERCUS","velutina","","","QUERCUS VELUTINA","QUVE",29,120,9,0.77993,"X","H","N",0.56,1,0.6,3,0.473,1.8421654431,"2021-09-03 22:38:53",""
838,"LIVE OAK","QUERCUS","virginiana","","","QUERCUS VIRGINIANA","QUVI",29,203,9,0.72243,"","H","N",0.8,1,0.51,6,0.48,1.555966423,"2021-09-03 22:38:53",""
839,"INTERIOR LIVE OAK","QUERCUS","wislizeni","","","QUERCUS WISLIZENI","QUWI2",29,225,9,0.77351,"","H","N",0.59,24,0.58,24,0.472,1.7649304319,"2021-09-03 22:38:53",""
840,"DWARF POST OAK","QUERCUS","margarettiae","","","QUERCUS MARGARETTIAE","QUMA6",29,86,9,0.72243,"","H","N",0.59,24,0.58,24,0.472,1.7649304319,"2021-09-03 22:38:53",""
841,"DWARF LIVE OAK","QUERCUS","minima","","","QUERCUS MINIMA","QUMI2",29,89,9,0.72243,"","H","N",0.59,24,0.58,24,0.472,1.7649304319,"2021-09-03 22:38:53",""
842,"BLUEJACK OAK","QUERCUS","incana","","","QUERCUS INCANA","QUIN",29,89,9,0.84031,"","H","N",0.59,24,0.58,24,0.472,1.7649304319,"2021-09-03 22:38:53",""
843,"SILVERLEAF OAK","QUERCUS","hypoleucoides","","","QUERCUS HYPOLEUCOIDES","QUHY",38,210,10,0.65075,"","H","Y",0.59,24,0.58,24,0.472,1.7649304319,"2021-09-03 22:38:53",""
844,"OGLETHORPE OAK","QUERCUS","oglethorpensis","","","QUERCUS OGLETHORPENSIS","QUOG",29,151,9,0.72243,"","H","N",0.59,24,0.58,24,0.472,1.7649304319,"2021-09-03 22:38:53",""
845,"DWARF CHINKAPIN OAK","QUERCUS","prinoides","","","QUERCUS PRINOIDES","QUPR",29,207,9,0.84031,"","H","N",0.59,24,0.58,24,0.472,1.7649304319,"2021-09-03 22:38:53",""
846,"GRAY OAK","QUERCUS","grisea","","","QUERCUS GRISEA","QUGR3",38,210,10,0.65075,"","H","Y",0.59,24,0.58,24,0.472,1.7649304319,"2021-09-03 22:38:53",""
847,"NETLEAF OAK","QUERCUS","rugosa","","","QUERCUS RUGOSA","QURU4",38,210,10,0.65075,"","H","Y",0.59,24,0.58,24,0.465,1.7649304319,"2021-09-03 22:38:53",""
851,"CHISOS OAK","QUERCUS","graciliformis","","","QUERCUS GRACILIFORMIS","QUGR",29,221,9,0.65075,"","H","N",0.59,24,0.58,24,0.487,1.7649304319,"2021-09-03 22:38:53",""
852,"SEA TORCHWOOD","AMYRIS","elemifera","","","AMYRIS ELEMIFERA","AMEL",37,227,8,0.84031,"","H","N",0.52,26,0.53,26,0.475,1.758473594,"2021-09-03 22:38:53",""
853,"POND-APPLE","ANNONA","glabra","","","ANNONA GLABRA","ANGL4",37,227,8,0.84031,"","H","N",0.52,26,0.53,26,0.475,1.758473594,"2021-09-03 22:38:53",""
854,"GUMBO LIMBO","BURSERA","simaruba","","","BURSERA SIMARUBA","BUSI",37,227,8,0.84031,"","H","N",0.52,26,0.53,26,0.44,1.758473594,"2021-09-03 22:38:53",""
855,"SHEOAK SPP.","CASUARINA","spp.","","","CASUARINA SP.","CASUA",37,227,8,0.84031,"","H","N",0.52,26,0.53,26,0.475,1.758473594,"2021-09-03 22:38:52",""
856,"GRAY SHEOAK","CASUARINA","glauca","","","CASUARINA GLAUCA","CAGL11",37,227,8,0.84031,"","H","N",0.52,26,0.53,26,0.475,1.758473594,"2021-09-03 22:38:53",""
857,"BELAH","CASUARINA","lepidophloia","","","CASUARINA LEPIDOPHLOIA","CALE28",37,227,8,0.84031,"","H","N",0.52,26,0.53,26,0.475,1.758473594,"2021-09-03 22:38:53",""
858,"CAMPHORTREE","CINNAMOMUM","camphora","","","CINNAMOMUM CAMPHORA","CICA",37,227,8,0.93185,"","H","N",0.52,26,0.53,26,0.475,1.758473594,"2021-09-03 22:38:53",""
859,"FLORIDA FIDDLEWOOD","CITHAREXYLUM","fruticosum","","","CITHAREXYLUM FRUTICOSUM","CIFR",37,227,8,0.84031,"","H","N",0.52,26,0.53,26,0.475,1.758473594,"2021-09-03 22:38:53",""
860,"CITRUS SPP.","CITRUS","spp.","","","CITRUS SP.","CITRU2",37,227,8,0.84031,"","H","N",0.52,26,0.53,26,0.475,1.758473594,"2021-09-03 22:38:52",""
863,"TIETONGUE, PIGEON-PLUM","COCCOLOBA","diversifolia","","","COCCOLOBA DIVERSIFOLIA","CODI8",37,227,8,0.84031,"","H","N",0.52,26,0.53,26,0.475,1.758473594,"2021-09-03 22:38:53",""
864,"SOLDIERWOOD","COLUBRINA","elliptica","","","COLUBRINA ELLIPTICA","COEL2",37,227,8,0.84031,"","H","N",0.52,26,0.53,26,0.475,1.758473594,"2021-09-03 22:38:53",""
865,"LARGELEAF GEIGERTREE","CORDIA","sebestena","","","CORDIA SEBESTENA","COSE2",37,227,8,0.84031,"","H","N",0.52,26,0.53,26,0.475,1.758473594,"2021-09-03 22:38:53",""
866,"CARROTWOOD","CUPANIOPSIS","anacardioides","","","CUPANIOPSIS ANACARDIOIDES","CUAN4",37,227,8,0.84031,"","H","N",0.52,26,0.53,26,0.475,1.758473594,"2021-09-03 22:38:53",""
867,"BLUEWOOD","CONDALIA","hookeri","","","CONDALIA HOOKERI","COHO",29,160,10,0.84031,"","H","Y",0.52,26,0.53,26,0.425,1.758473594,"2021-09-03 22:38:53",""
868,"BLACKBEAD EBONY","EBENOPSIS","ebano","","","EBENOPSIS EBANO","EBEB",29,122,8,0.84031,"","H","N",0.52,26,0.53,26,0.443,1.758473594,"2021-09-03 22:38:53",""
869,"GREAT LEUCAENE","LEUCAENA","pulverulenta","","","LEUCAENA PULVERULENTA","LEPU3",36,221,8,0.84031,"","H","N",0.52,26,0.53,26,0.475,1.758473594,"2021-09-03 22:38:53",""
870,"TEXAS SOPHORA","SOPHORA","affinis","","","SOPHORA AFFINIS","SOAF",29,221,8,0.84031,"","H","N",0.52,26,0.53,26,0.475,1.758473594,"2021-09-03 22:38:53",""
873,"RED STOPPER","EUGENIA","rhombea","","","EUGENIA RHOMBEA","EURH",37,227,8,0.84031,"","H","N",0.52,26,0.53,26,0.475,1.758473594,"2021-09-03 22:38:53",""
874,"BUTTERBOUGH, INKWOOD","EXOTHEA","paniculata","","","EXOTHEA PANICULATA","EXPA",37,227,8,0.84031,"","H","N",0.52,26,0.53,26,0.475,1.758473594,"2021-09-03 22:38:53",""
876,"FLORIDA STRANGLER FIG","FICUS","aurea","","","FICUS AUREA","FIAU",37,227,8,0.84031,"","H","N",0.52,26,0.53,26,0.475,1.758473594,"2021-09-03 22:38:53",""
877,"WILD BANYANTREE, SHORTLEAF FIG","FICUS","citrifolia","","","FICUS CITRIFOLIA","FICI",37,227,8,0.84031,"","H","N",0.52,26,0.53,26,0.475,1.758473594,"2021-09-03 22:38:53",""
882,"BEEFTREE, LONGLEAF BLOLLY","GUAPIRA","discolor","","","GUAPIRA DISCOLOR","GUDI",37,227,8,0.84031,"","H","N",0.52,26,0.53,26,0.475,1.758473594,"2021-09-03 22:38:53",""
883,"MANCHINEEL","HIPPOMANE","mancinella","","","HIPPOMANE MANCINELLA","HIMA2",37,227,8,0.84031,"","H","N",0.52,26,0.53,26,0.475,1.758473594,"2021-09-03 22:38:53",""
884,"FALSE TAMARIND","LYSILOMA","latisiliquum","","","LYSILOMA LATISILIQUUM","LYLA3",37,227,8,0.84031,"","H","N",0.52,26,0.53,26,0.464,1.758473594,"2021-09-03 22:38:53",""
885,"MANGO","MANGIFERA","indica","","","MANGIFERA INDICA","MAIN3",37,227,8,0.84031,"","H","N",0.52,26,0.53,26,0.475,1.758473594,"2021-09-03 22:38:53",""
886,"FLORIDA POISONTREE","METOPIUM","toxiferum","","","METOPIUM TOXIFERUM","METO3",37,227,8,0.84031,"","H","N",0.52,26,0.53,26,0.475,1.758473594,"2021-09-03 22:38:53",""
887,"FISHPOISON TREE","PISCIDIA","piscipula","","","PISCIDIA PISCIPULA","PIPI3",37,227,8,0.84031,"","H","N",0.52,26,0.53,26,0.434,1.758473594,"2021-09-03 22:38:53",""
888,"OCTOPUS TREE, SCHEFFLERA","SCHEFFLERA","actinophylla","","","SCHEFFLERA ACTINOPHYLLA","SCAC2",37,227,8,0.84031,"","H","N",0.52,26,0.53,26,0.475,1.758473594,"2021-09-03 22:38:53",""
890,"FALSE MASTIC","SIDEROXYLON","foetidissimum","","","SIDEROXYLON FOETIDISSIMUM","SIFO",37,227,8,0.84031,"","H","N",0.52,26,0.53,26,0.475,1.758473594,"2021-09-03 22:38:53",""
891,"WHITE BULLY, WILLOW BUSTIC","SIDEROXYLON","salicifolium","","","SIDEROXYLON SALICIFOLIUM","SISA6",37,227,8,0.84031,"","H","N",0.52,26,0.53,26,0.475,1.758473594,"2021-09-03 22:38:53",""
895,"PARADISETREE","SIMAROUBA","glauca","","","SIMAROUBA GLAUCA","SIGL3",37,227,8,0.84031,"","H","N",0.52,26,0.53,26,0.475,1.758473594,"2021-09-03 22:38:53",""
896,"JAVA PLUM","SYZYGIUM","cumini","","","SYZYGIUM CUMINI","SYCU",37,227,8,0.84031,"","H","N",0.52,26,0.53,26,0.475,1.758473594,"2021-09-03 22:38:53",""
897,"TAMARIND","TAMARINDUS","indica","","","TAMARINDUS INDICA","TAIN2",37,227,8,0.84031,"","H","N",0.52,26,0.53,26,0.475,1.758473594,"2021-09-03 22:38:53",""
901,"BLACK LOCUST","ROBINIA","pseudoacacia","","","ROBINIA PSEUDOACACIA","ROPS",29,122,8,0.93185,"X","H","N",0.66,1,0.29,3,0.446,1.4374342249,"2021-09-03 22:38:53",""
902,"NEW MEXICO LOCUST","ROBINIA","neomexicana","","","ROBINIA NEOMEXICANA","RONE",38,160,10,0.65075,"","H","Y",0.66,25,0.29,25,0.47,1.4390618337,"2021-09-03 22:38:53",""
906,"EVERGLADES PALM, PAUROTIS-PALM","ACOELORRAPHE","wrightii","","","ACOELORRAPHE WRIGHTII","ACWR4",37,147,8,0.84031,"","H","N",0.52,26,0.53,26,0.475,1.758473594,"2021-09-03 22:38:53",""
907,"FLORIDA SILVER PALM","COCCOTHRINAX","argentata","","","COCCOTHRINAX ARGENTATA","COAR",37,147,8,0.84031,"","H","N",0.52,26,0.53,26,0.475,1.758473594,"2021-09-03 22:38:53",""
908,"COCONUT PALM","COCOS","nucifera","","","COCOS NUCIFERA","CONU",37,147,8,0.84031,"","H","N",0.52,26,0.53,26,0.428,1.758473594,"2021-09-03 22:38:53",""
909,"ROYAL PALM SPP.","ROYSTONEA","spp.","","","ROYSTONEA SP.","ROYST",37,147,8,0.84031,"","H","N",0.52,26,0.53,26,0.475,1.758473594,"2021-09-03 22:38:52",""
911,"MEXICAN PALMETTO","SABAL","mexicana","","","SABAL MEXICANA","SAME8",37,147,8,0.79248,"","H","N",0.52,26,0.53,26,0.475,1.758473594,"2021-09-03 22:38:53",""
912,"CABBAGE PALMETTO","SABAL","palmetto","","","SABAL PALMETTO","SAPA",37,147,8,0.79248,"","H","N",0.52,26,0.53,26,0.475,1.758473594,"2021-09-03 22:38:53",""
913,"KEY THATCH PALM","THRINAX","morrisii","","","THRINAX MORRISII","THMO4",37,147,8,0.84031,"","H","N",0.52,26,0.53,26,0.475,1.758473594,"2021-09-03 22:38:53",""
914,"FLORIDA THATCH PALM","THRINAX","radiata","","","THRINAX RADIATA","THRA2",37,147,8,0.84031,"","H","N",0.52,26,0.53,26,0.475,1.758473594,"2021-09-03 22:38:53",""
915,"OTHER PALMS","ARECA","spp.","","","ARECA SP.","ARECA",37,147,8,0.79248,"","H","N",0.52,26,0.53,26,0.475,1.758473594,"2021-09-03 22:38:52","2021-09-03 23:03:27"
919,"WESTERN SOAPBERRY","SAPINDUS","saponaria","drummondii","","SAPINDUS SAPONARIA VAR. DRUMMONDII","SASAD",37,221,8,0.84031,"","H","N",0.52,26,0.53,26,0.475,1.758473594,"2021-09-03 22:38:55",""
920,"WILLOW SPP.","SALIX","spp.","","","SALIX SP.","SALIX",37,123,6,0.84031,"","H","N",0.36,23,0.5,23,0.48,2.2190909091,"2021-09-03 22:38:52",""
921,"PEACHLEAF WILLOW","SALIX","amygdaloides","","","SALIX AMYGDALOIDES","SAAM2",25,123,6,0.84031,"","H","N",0.36,24,0.5,24,0.48,2.2190909091,"2021-09-03 22:38:53",""
922,"BLACK WILLOW","SALIX","nigra","","","SALIX NIGRA","SANI",25,123,6,0.79248,"","H","N",0.36,1,0.5,6,0.48,2.2188091091,"2021-09-03 22:38:53",""
923,"BEBB WILLOW","SALIX","bebbiana","","","SALIX BEBBIANA","SABE2",25,123,6,0.84031,"","H","N",0.36,24,0.5,24,0.48,2.2190909091,"2021-09-03 22:38:53",""
924,"BONPLAND WILLOW","SALIX","bonplandiana","","","SALIX BONPLANDIANA","SABO",25,123,6,0.79248,"","H","N",0.36,24,0.5,24,0.48,2.2190909091,"2021-09-03 22:38:53",""
925,"COASTAL PLAIN WILLOW","SALIX","caroliniana","","","SALIX CAROLINIANA","SACA5",25,123,6,0.84031,"","H","N",0.36,24,0.5,24,0.48,2.2190909091,"2021-09-03 22:38:53",""
926,"BALSAM WILLOW","SALIX","pyrifolia","","","SALIX PYRIFOLIA","SAPY",25,123,6,0.84031,"","H","N",0.36,24,0.5,24,0.48,2.2190909091,"2021-09-03 22:38:53",""
927,"WHITE WILLOW","SALIX","alba","","","SALIX ALBA","SAAL2",25,123,6,0.79248,"","H","N",0.36,24,0.5,24,0.48,2.2190909091,"2021-09-03 22:38:53",""
928,"SCOULER'S WILLOW","SALIX","scouleriana","","","SALIX SCOULERIANA","SASC",25,123,6,0.79248,"","H","N",0.36,24,0.5,24,0.48,2.2190909091,"2021-09-03 22:38:53",""
929,"WEEPING WILLOW","SALIX","x sepulcralis","","","SALIX X SEPULCRALIS","SASE10",25,123,6,0.79248,"","H","N",0.36,24,0.5,24,0.48,2.2190909091,"2021-09-03 22:38:53",""
931,"SASSAFRAS","SASSAFRAS","albidum","","","SASSAFRAS ALBIDUM","SAAL5",29,93,8,0.79248,"","H","N",0.42,1,0.5,6,0.45,1.7109595758,"2021-09-03 22:38:53",""
934,"MOUNTAIN-ASH SPP.","SORBUS","spp.","","","SORBUS SP.","SORBU",37,221,8,0.84031,"","H","N",0.52,26,0.53,26,0.475,1.758473594,"2021-09-03 22:38:52",""
935,"AMERICAN MOUNTAIN-ASH","SORBUS","americana","","","SORBUS AMERICANA","SOAM3",25,221,8,0.84031,"","H","N",0.52,26,0.53,26,0.475,1.758473594,"2021-09-03 22:38:53",""
936,"EUROPEAN MOUNTAIN-ASH","SORBUS","aucuparia","","","SORBUS AUCUPARIA","SOAU",25,146,8,0.84,"","H","N",0.52,23,0.53,23,0.474,1.758473594,"2021-09-03 22:38:53",""
937,"NORTHERN MOUNTAIN-ASH","SORBUS","decora","","","SORBUS DECORA","SODE3",25,221,8,0.84031,"","H","N",0.52,26,0.53,26,0.475,1.758473594,"2021-09-03 22:38:53",""
940,"WEST INDIAN MAHOGANY","SWIETENIA","mahagoni","","","SWIETENIA MAHAGONI","SWMA2",37,146,8,0.84031,"","H","N",0.52,26,0.53,26,0.473,1.758473594,"2021-09-03 22:38:53",""
950,"BASSWOOD SPP.","TILIA","spp.","","","TILIA SP.","TILIA",35,221,8,0.67171,"","H","N",0.32,23,0.48,23,0.482,2.029539272,"2021-09-03 22:38:52",""
951,"AMERICAN BASSWOOD","TILIA","americana","","","TILIA AMERICANA","TIAM",35,124,8,0.67171,"X","H","N",0.32,1,0.48,3,0.482,2.0329846112,"2021-09-03 22:38:53",""
952,"WHITE BASSWOOD","TILIA","americana","heterophylla","","TILIA AMERICANA VAR. HETEROPHYLLA","TIAMH",35,124,8,0.67171,"","H","N",0.32,24,0.48,24,0.482,2.029539272,"2021-09-03 22:38:55",""
953,"CAROLINA BASSWOOD","TILIA","americana","caroliniana","","TILIA AMERICANA VAR. CAROLINIANA","TIAMC",35,124,8,0.67171,"","H","N",0.32,24,0.48,24,0.482,2.029539272,"2021-09-03 22:38:55",""
970,"ELM SPP.","ULMUS","spp.","","","ULMUS SP.","ULMUS",36,221,8,0.79248,"","H","N",0.54,23,0.43,23,0.474,1.6851552149,"2021-09-03 22:38:52",""
971,"WINGED ELM","ULMUS","alata","","","ULMUS ALATA","ULAL",36,209,8,0.79248,"","H","N",0.6,11,0.45,22,0.472,1.4469713715,"2021-09-03 22:38:53",""
972,"AMERICAN ELM","ULMUS","americana","","","ULMUS AMERICANA","ULAM",36,94,8,0.79248,"X","H","N",0.46,1,0.44,3,0.477,1.9216679416,"2021-09-03 22:38:53",""
973,"CEDAR ELM","ULMUS","crassifolia","","","ULMUS CRASSIFOLIA","ULCR",36,209,8,0.79248,"","H","N",0.59,11,0.45,22,0.472,1.6654548657,"2021-09-03 22:38:53",""
974,"SIBERIAN ELM","ULMUS","pumila","","","ULMUS PUMILA","ULPU",36,146,8,0.79248,"","H","N",0.54,24,0.43,24,0.443,1.6851552149,"2021-09-03 22:38:53",""
975,"SLIPPERY ELM","ULMUS","rubra","","","ULMUS RUBRA","ULRU",36,94,8,0.79248,"","H","N",0.48,1,0.29,3,0.476,1.842762164,"2021-09-03 22:38:53",""
976,"SEPTEMBER ELM","ULMUS","serotina","","","ULMUS SEROTINA","ULSE",36,101,8,0.79248,"","H","N",0.54,24,0.43,24,0.474,1.6851552149,"2021-09-03 22:38:53",""
977,"ROCK ELM","ULMUS","thomasii","","","ULMUS THOMASII","ULTH",36,94,8,0.93185,"","H","N",0.57,1,0.5,6,0.473,1.516628125,"2021-09-03 22:38:53",""
981,"CALIFORNIA LAUREL","UMBELLULARIA","californica","","","UMBELLULARIA CALIFORNICA","UMCA",29,141,8,0.96395,"","H","N",0.51,11,0.55,7,0.475,1.6323966304,"2021-09-03 22:38:53",""
982,"JOSHUA TREE","YUCCA","brevifolia","","","YUCCA BREVIFOLIA","YUBR",37,221,8,0.84031,"","H","N",0.52,26,0.53,26,0.475,1.758473594,"2021-09-03 22:38:53",""
986,"BLACK MANGROVE","AVICENNIA","germinans","","","AVICENNIA GERMINANS","AVGE",37,149,8,0.84031,"","H","N",0.52,26,0.53,26,0.475,1.758473594,"2021-09-03 22:38:53",""
987,"BUTTONWOOD-MANGROVE","CONOCARPUS","erectus","","","CONOCARPUS ERECTUS","COER2",37,149,8,0.84031,"","H","N",0.52,26,0.53,26,0.44,1.758473594,"2021-09-03 22:38:53",""
988,"WHITE MANGROVE","LAGUNCULARIA","racemosa","","","LAGUNCULARIA RACEMOSA","LARA2",37,149,8,0.84031,"","H","N",0.52,26,0.53,26,0.437,1.758473594,"2021-09-03 22:38:53",""
989,"AMERICAN MANGROVE","RHIZOPHORA","mangle","","","RHIZOPHORA MANGLE","RHMA2",37,149,8,0.84031,"","H","N",0.52,26,0.53,26,0.427,1.758473594,"2021-09-03 22:38:53",""
990,"DESERT IRONWOOD","OLNEYA","tesota","","","OLNEYA TESOTA","OLTE",38,160,10,0.65075,"","H","Y",0.52,26,0.53,26,0.475,1.758473594,"2021-09-03 22:38:53",""
991,"SALTCEDAR","TAMARIX","spp.","","","TAMARIX SP.","TAMAR2",37,146,8,0.84031,"","H","N",0.52,26,0.53,26,0.475,1.758473594,"2021-09-03 22:38:52",""
992,"MELALEUCA","MELALEUCA","quinquenervia","","","MELALEUCA QUINQUENERVIA","MEQU",1,145,8,0.79248,"","H","N",0.52,26,0.53,26,0.475,1.758473594,"2021-09-03 22:38:53",""
993,"CHINABERRY","MELIA","azedarach","","","MELIA AZEDARACH","MEAZ",33,146,8,0.84031,"","H","N",0.52,26,0.53,26,0.475,1.758473594,"2021-09-03 22:38:53",""
994,"CHINESE TALLOWTREE","TRIADICA","sebifera","","","TRIADICA SEBIFERA","TRSE6",37,146,8,0.84031,"","H","N",0.52,26,0.53,26,0.475,1.758473594,"2021-09-03 22:38:53",""
995,"TUNGOIL TREE","VERNICIA","fordii","","","VERNICIA FORDII","VEFO",37,146,8,0.84031,"","H","N",0.52,26,0.53,26,0.475,1.758473594,"2021-09-03 22:38:53",""
996,"SMOKETREE","COTINUS","obovatus","","","COTINUS OBOVATUS","COOB2",37,221,8,0.84031,"","H","N",0.52,26,0.53,26,0.475,1.758473594,"2021-09-03 22:38:53",""
997,"RUSSIAN-OLIVE","ELAEAGNUS","angustifolia","","","ELAEAGNUS ANGUSTIFOLIA","ELAN",37,146,8,0.84031,"","H","N",0.52,26,0.53,26,0.475,1.758473594,"2021-09-03 22:38:53",""
998,"UNKNOWN DEAD HARDWOOD","TREE","broadleaf","","","TREE BROADLEAF","2TB",37,221,8,0.84031,"","H","N",0.52,26,0.53,26,0.475,1.758473594,"2021-09-03 22:38:53",""
999,"OTHER OR UNKNOWN LIVE TREE","TREE","unknown","","","TREE UNKNOWN","2TREE",37,221,8,0.84031,"","H","N",0.52,26,0.53,26,0.475,1.758473594,"2021-09-03 22:38:53",""
